Fruit,Alternative Product,Market,Shop,Location,Profitability Score,Quality Rating
Banana,Fruit-Flavored Tea,Batticaloa Market,Batticaloa Fruit Traders,Batticaloa,9.4,C
Papaya,Fruit Salsa,Matara Market,Matara Fruit Bazaar,Matara,8.1,B
Durian,Canned Fruit Cocktail,Anuradhapura Market,Sacred City Agro,Anuradhapura,8.8,C
Pineapple,Fruit Vinegar,Trincomalee Market,Eastern Fresh Produce,Trincomalee,9.3,A
Beli,Fruit Bars,Matara Market,Matara Fruit Bazaar,Matara,7.7,A
Lychee,Fruit Candy,Colombo Pettah Market,Fruit Lanka Traders,Colombo,9.2,C
Banana,Freeze-Dried Fruit,Ratnapura Market,Gemland Fruits,Ratnapura,9.8,B
Ambarella,Fruit Butter,Matara Market,Matara Fruit Bazaar,Matara,9.6,B
Guava,Chutney,Badulla Market,Hill Country Fresh,Badulla,8.4,C
Strawberry,Preserves,Ratnapura Market,Gemland Fruits,Ratnapura,7.5,C
Woodapple,Fruit Snacks,Puttalam Market,Northwest Fruits,Puttalam,9.3,A
Custard Apple,Vinegar,Trincomalee Market,Eastern Fresh Produce,Trincomalee,8.4,B
Beli,Sauce,Kurunegala Market,Kurunegala Fruit Hub,Kurunegala,7.7,A
Lychee,Fruit Salad Mix,Matara Market,Matara Fruit Bazaar,Matara,8.3,A
Watermelon,Fruit-Filled Pastries,Puttalam Market,Northwest Fruits,Puttalam,9.3,A
Woodapple,Canned Fruit,Ratnapura Market,Gemland Fruits,Ratnapura,7.6,A
Pineapple,Fruit-Filled Pastries,Ratnapura Market,Gemland Fruits,Ratnapura,8.9,A
Strawberry,Fruit Bars,Anuradhapura Market,Sacred City Agro,Anuradhapura,8.7,C
Soursop,Freeze-Dried Fruit,Trincomalee Market,Eastern Fresh Produce,Trincomalee,7.7,C
Mangosteen,Fruit Puree,Badulla Market,Hill Country Fresh,Badulla,9.7,C
Pineapple,Sauce,Colombo Pettah Market,Fruit Lanka Traders,Colombo,9.6,C
Durian,Fruit Pizza,Ratnapura Market,Gemland Fruits,Ratnapura,9.8,A
Custard Apple,Fruit Bars,Badulla Market,Hill Country Fresh,Badulla,7.9,B
Rambutan,Fruit Vinegar,Jaffna Market,Northern Fresh Fruits,Jaffna,8.0,A
Ambarella,Jelly,Kandy Central Market,Highland Fruit Mart,Kandy,8.7,C
Kiwi,Fruit Butter,Negombo Fish Market,Negombo Fresh Supplies,Negombo,8.3,B
Beli,Essential Oil,Jaffna Market,Northern Fresh Fruits,Jaffna,9.2,A
Durian,Freeze-Dried Fruit,Negombo Fish Market,Negombo Fresh Supplies,Negombo,8.4,A
Grapes,Fruit Topping,Anuradhapura Market,Sacred City Agro,Anuradhapura,9.3,B
Jackfruit,Fruit-Based Dietary Supplements,Negombo Fish Market,Negombo Fresh Supplies,Negombo,8.9,B
Mangosteen,Jam,Puttalam Market,Northwest Fruits,Puttalam,9.6,C
Blueberry,Fruit Butter,Galle Fruit Market,Southern Agro Supplies,Galle,10.0,C
Guava,Fruit Puree,Negombo Fish Market,Negombo Fresh Supplies,Negombo,8.8,C
Woodapple,Vinegar,Negombo Fish Market,Negombo Fresh Supplies,Negombo,9.2,C
Mangosteen,Fermented Drink,Jaffna Market,Northern Fresh Fruits,Jaffna,9.7,A
Peach,Fruit Salsa,Badulla Market,Hill Country Fresh,Badulla,7.9,C
Soursop,Vinegar,Negombo Fish Market,Negombo Fresh Supplies,Negombo,8.0,C
Banana,Marmalade,Negombo Fish Market,Negombo Fresh Supplies,Negombo,7.7,C
Ambarella,Nectar,Matara Market,Matara Fruit Bazaar,Matara,8.7,A
Papaya,Sauce,Trincomalee Market,Eastern Fresh Produce,Trincomalee,8.0,A
Papaya,Flavored Yogurt,Matara Market,Matara Fruit Bazaar,Matara,9.0,A
Beli,Fruit-Infused Water,Colombo Pettah Market,Fruit Lanka Traders,Colombo,9.6,B
Soursop,Essential Oil,Negombo Fish Market,Negombo Fresh Supplies,Negombo,8.1,C
Orange,Marmalade,Kurunegala Market,Kurunegala Fruit Hub,Kurunegala,8.5,B
Lychee,Pickles,Batticaloa Market,Batticaloa Fruit Traders,Batticaloa,8.0,B
Watermelon,Canned Fruit,Badulla Market,Hill Country Fresh,Badulla,8.6,C
Grapes,Freeze-Dried Fruit,Puttalam Market,Northwest Fruits,Puttalam,7.8,B
Soursop,Chutney,Kandy Central Market,Highland Fruit Mart,Kandy,9.6,B
Watermelon,Fruit Puree,Negombo Fish Market,Negombo Fresh Supplies,Negombo,7.6,C
Woodapple,Fruit Pizza,Matara Market,Matara Fruit Bazaar,Matara,9.3,C
Blueberry,Canned Fruit Cocktail,Kandy Central Market,Highland Fruit Mart,Kandy,10.0,A
Plum,Fruit Butter,Negombo Fish Market,Negombo Fresh Supplies,Negombo,9.9,C
Guava,Fruit Salad Mix,Kandy Central Market,Highland Fruit Mart,Kandy,9.9,B
Custard Apple,Syrup,Colombo Pettah Market,Fruit Lanka Traders,Colombo,8.2,A
Woodapple,Freeze-Dried Fruit,Colombo Pettah Market,Fruit Lanka Traders,Colombo,7.8,A
Soursop,Pickles,Galle Fruit Market,Southern Agro Supplies,Galle,8.9,A
Pomegranate,Fruit-Filled Pastries,Anuradhapura Market,Sacred City Agro,Anuradhapura,7.7,B
Kiwi,Vinegar,Anuradhapura Market,Sacred City Agro,Anuradhapura,9.4,C
Strawberry,Fruit-Based Dietary Supplements,Galle Fruit Market,Southern Agro Supplies,Galle,8.9,A
Avocado,Chutney,Anuradhapura Market,Sacred City Agro,Anuradhapura,9.9,C
Lemon,Frozen Dessert,Puttalam Market,Northwest Fruits,Puttalam,9.1,C
Soursop,Powdered Fruit,Ratnapura Market,Gemland Fruits,Ratnapura,8.4,A
Watermelon,Fruit Topping,Matara Market,Matara Fruit Bazaar,Matara,9.4,C
Lychee,Fruit Bars,Ratnapura Market,Gemland Fruits,Ratnapura,8.5,B
Papaya,Jelly,Jaffna Market,Northern Fresh Fruits,Jaffna,8.2,A
Blueberry,Dried Fruit,Puttalam Market,Northwest Fruits,Puttalam,7.8,C
Strawberry,Jam,Puttalam Market,Northwest Fruits,Puttalam,8.0,B
Mangosteen,Fruit-Flavored Tea,Kurunegala Market,Kurunegala Fruit Hub,Kurunegala,8.8,C
Kiwi,Frozen Dessert,Trincomalee Market,Eastern Fresh Produce,Trincomalee,9.9,C
Watermelon,Fruit Topping,Kurunegala Market,Kurunegala Fruit Hub,Kurunegala,8.7,C
Kiwi,Syrup,Kandy Central Market,Highland Fruit Mart,Kandy,9.2,B
Mango,Fruit-Based Dietary Supplements,Badulla Market,Hill Country Fresh,Badulla,8.5,A
Soursop,Juice,Trincomalee Market,Eastern Fresh Produce,Trincomalee,9.7,A
Kiwi,Compote,Kandy Central Market,Highland Fruit Mart,Kandy,8.9,B
Woodapple,Fruit Leather,Matara Market,Matara Fruit Bazaar,Matara,9.2,A
Soursop,Wine,Puttalam Market,Northwest Fruits,Puttalam,9.2,A
Ambarella,Pulp,Trincomalee Market,Eastern Fresh Produce,Trincomalee,9.5,B
Avocado,Fruit Salad Mix,Colombo Pettah Market,Fruit Lanka Traders,Colombo,8.9,A
Pineapple,Fruit Extract,Jaffna Market,Northern Fresh Fruits,Jaffna,9.7,C
Strawberry,Flavored Yogurt,Kandy Central Market,Highland Fruit Mart,Kandy,9.2,B
Strawberry,Syrup,Ratnapura Market,Gemland Fruits,Ratnapura,8.3,A
Pear,Wine,Badulla Market,Hill Country Fresh,Badulla,9.8,C
Kiwi,Fruit Butter,Kandy Central Market,Highland Fruit Mart,Kandy,9.9,A
Pomegranate,Frozen Dessert,Matara Market,Matara Fruit Bazaar,Matara,10.0,B
Rambutan,Fruit Candy,Puttalam Market,Northwest Fruits,Puttalam,7.7,A
Lychee,Compote,Jaffna Market,Northern Fresh Fruits,Jaffna,8.1,B
Pear,Fruit Candy,Ratnapura Market,Gemland Fruits,Ratnapura,10.0,B
Kiwi,Fruit Salad Mix,Anuradhapura Market,Sacred City Agro,Anuradhapura,9.6,B
Kiwi,Fruit Puree,Batticaloa Market,Batticaloa Fruit Traders,Batticaloa,9.6,C
Peach,Freeze-Dried Fruit,Kandy Central Market,Highland Fruit Mart,Kandy,9.8,B
Mangosteen,Compote,Puttalam Market,Northwest Fruits,Puttalam,8.6,B
Coconut,Fruit Puree,Colombo Pettah Market,Fruit Lanka Traders,Colombo,8.8,A
Cherry,Dried Fruit,Negombo Fish Market,Negombo Fresh Supplies,Negombo,9.0,C
Beli,Fermented Drink,Negombo Fish Market,Negombo Fresh Supplies,Negombo,10.0,B
Beli,Fruit Salsa,Batticaloa Market,Batticaloa Fruit Traders,Batticaloa,9.3,B
Papaya,Fruit Topping,Batticaloa Market,Batticaloa Fruit Traders,Batticaloa,9.3,B
Cherry,Marmalade,Trincomalee Market,Eastern Fresh Produce,Trincomalee,10.0,A
Papaya,Frozen Dessert,Ratnapura Market,Gemland Fruits,Ratnapura,9.8,B
Grapes,Fruit Chips,Trincomalee Market,Eastern Fresh Produce,Trincomalee,7.8,B
Plum,Sauce,Kurunegala Market,Kurunegala Fruit Hub,Kurunegala,7.9,C
Peach,Jelly,Kurunegala Market,Kurunegala Fruit Hub,Kurunegala,9.5,B
Guava,Fruit-Filled Pastries,Batticaloa Market,Batticaloa Fruit Traders,Batticaloa,7.7,B
Blueberry,Fruit Butter,Negombo Fish Market,Negombo Fresh Supplies,Negombo,7.8,B
Mango,Fruit Butter,Badulla Market,Hill Country Fresh,Badulla,9.9,A
Lychee,Fruit-Filled Pastries,Anuradhapura Market,Sacred City Agro,Anuradhapura,8.1,B
Papaya,Fruit Pizza,Badulla Market,Hill Country Fresh,Badulla,9.8,B
Peach,Fruit Candy,Matara Market,Matara Fruit Bazaar,Matara,8.7,C
Pomegranate,Smoothie Mix,Ratnapura Market,Gemland Fruits,Ratnapura,9.4,B
Soursop,Fruit Snacks,Trincomalee Market,Eastern Fresh Produce,Trincomalee,7.8,B
Lychee,Fruit-Filled Pastries,Badulla Market,Hill Country Fresh,Badulla,9.8,B
Papaya,Fruit-Infused Water,Kurunegala Market,Kurunegala Fruit Hub,Kurunegala,9.9,A
Avocado,Fruit Puree,Anuradhapura Market,Sacred City Agro,Anuradhapura,7.7,A
Cherry,Fermented Drink,Trincomalee Market,Eastern Fresh Produce,Trincomalee,9.5,A
Pomegranate,Pulp,Puttalam Market,Northwest Fruits,Puttalam,8.8,B
Blueberry,Fermented Drink,Trincomalee Market,Eastern Fresh Produce,Trincomalee,8.1,A
Avocado,Essential Oil,Batticaloa Market,Batticaloa Fruit Traders,Batticaloa,9.8,A
Beli,Fruit-Filled Pastries,Matara Market,Matara Fruit Bazaar,Matara,10.0,C
Avocado,Fruit-Flavored Tea,Badulla Market,Hill Country Fresh,Badulla,9.0,B
Coconut,Pulp,Kurunegala Market,Kurunegala Fruit Hub,Kurunegala,9.3,A
Peach,Fruit Topping,Matara Market,Matara Fruit Bazaar,Matara,9.5,C
Lychee,Chutney,Kandy Central Market,Highland Fruit Mart,Kandy,8.5,C
Strawberry,Fruit Butter,Colombo Pettah Market,Fruit Lanka Traders,Colombo,8.4,B
Mangosteen,Fruit Pizza,Jaffna Market,Northern Fresh Fruits,Jaffna,7.5,A
Pear,Fruit-Based Dietary Supplements,Matara Market,Matara Fruit Bazaar,Matara,7.9,B
Grapes,Frozen Dessert,Trincomalee Market,Eastern Fresh Produce,Trincomalee,7.6,A
Cherry,Fruit Topping,Kurunegala Market,Kurunegala Fruit Hub,Kurunegala,7.9,B
Blueberry,Smoothie Mix,Kurunegala Market,Kurunegala Fruit Hub,Kurunegala,9.8,A
Mangosteen,Jam,Matara Market,Matara Fruit Bazaar,Matara,8.3,B
Orange,Fruit Candy,Jaffna Market,Northern Fresh Fruits,Jaffna,9.1,B
Rambutan,Jelly,Galle Fruit Market,Southern Agro Supplies,Galle,9.0,A
Soursop,Syrup,Kurunegala Market,Kurunegala Fruit Hub,Kurunegala,8.1,A
Pomegranate,Fruit Vinegar,Kurunegala Market,Kurunegala Fruit Hub,Kurunegala,8.5,C
Peach,Fermented Drink,Ratnapura Market,Gemland Fruits,Ratnapura,9.4,C
Soursop,Preserves,Ratnapura Market,Gemland Fruits,Ratnapura,9.0,B
Pineapple,Fruit Candy,Kurunegala Market,Kurunegala Fruit Hub,Kurunegala,8.7,A
Beli,Chutney,Anuradhapura Market,Sacred City Agro,Anuradhapura,8.3,C
Woodapple,Essential Oil,Ratnapura Market,Gemland Fruits,Ratnapura,9.4,C
Papaya,Fruit Candy,Trincomalee Market,Eastern Fresh Produce,Trincomalee,8.9,C
Pear,Smoothie Mix,Badulla Market,Hill Country Fresh,Badulla,7.6,C
Apple,Smoothie Mix,Colombo Pettah Market,Fruit Lanka Traders,Colombo,8.0,C
Grapes,Pulp,Colombo Pettah Market,Fruit Lanka Traders,Colombo,7.8,A
Rambutan,Frozen Dessert,Negombo Fish Market,Negombo Fresh Supplies,Negombo,9.7,B
Watermelon,Dried Fruit,Jaffna Market,Northern Fresh Fruits,Jaffna,9.0,B
Guava,Pickles,Negombo Fish Market,Negombo Fresh Supplies,Negombo,8.9,C
Kiwi,Marmalade,Matara Market,Matara Fruit Bazaar,Matara,8.3,C
Lemon,Pulp,Trincomalee Market,Eastern Fresh Produce,Trincomalee,9.7,C
Pineapple,Nectar,Galle Fruit Market,Southern Agro Supplies,Galle,8.0,B
Rambutan,Fruit Salsa,Batticaloa Market,Batticaloa Fruit Traders,Batticaloa,8.3,B
Mango,Sauce,Batticaloa Market,Batticaloa Fruit Traders,Batticaloa,9.1,B
Banana,Preserves,Puttalam Market,Northwest Fruits,Puttalam,9.3,B
Strawberry,Pulp,Ratnapura Market,Gemland Fruits,Ratnapura,8.1,C
Pomegranate,Freeze-Dried Fruit,Anuradhapura Market,Sacred City Agro,Anuradhapura,9.2,A
Papaya,Canned Fruit Cocktail,Negombo Fish Market,Negombo Fresh Supplies,Negombo,9.1,B
Guava,Marmalade,Anuradhapura Market,Sacred City Agro,Anuradhapura,8.4,A
Beli,Fruit Leather,Jaffna Market,Northern Fresh Fruits,Jaffna,8.0,A
Cherry,Nectar,Trincomalee Market,Eastern Fresh Produce,Trincomalee,9.6,A
Woodapple,Fruit Leather,Kandy Central Market,Highland Fruit Mart,Kandy,7.8,B
Papaya,Fruit Candy,Anuradhapura Market,Sacred City Agro,Anuradhapura,9.1,A
Watermelon,Fruit-Filled Pastries,Puttalam Market,Northwest Fruits,Puttalam,9.6,C
Custard Apple,Fruit Extract,Galle Fruit Market,Southern Agro Supplies,Galle,8.7,C
Ambarella,Essential Oil,Kurunegala Market,Kurunegala Fruit Hub,Kurunegala,9.8,A
Strawberry,Fruit-Based Dietary Supplements,Galle Fruit Market,Southern Agro Supplies,Galle,8.6,B
Lychee,Flavored Yogurt,Batticaloa Market,Batticaloa Fruit Traders,Batticaloa,8.4,C
Pear,Frozen Dessert,Matara Market,Matara Fruit Bazaar,Matara,8.3,A
Blueberry,Fruit Candy,Batticaloa Market,Batticaloa Fruit Traders,Batticaloa,9.2,C
Apple,Fruit Extract,Jaffna Market,Northern Fresh Fruits,Jaffna,8.9,A
Kiwi,Essential Oil,Anuradhapura Market,Sacred City Agro,Anuradhapura,9.5,C
Watermelon,Fruit Topping,Matara Market,Matara Fruit Bazaar,Matara,7.8,A
Coconut,Jam,Negombo Fish Market,Negombo Fresh Supplies,Negombo,8.3,A
Grapes,Fruit Puree,Ratnapura Market,Gemland Fruits,Ratnapura,9.0,A
Peach,Fruit-Infused Water,Trincomalee Market,Eastern Fresh Produce,Trincomalee,9.7,C
Pineapple,Pickles,Puttalam Market,Northwest Fruits,Puttalam,9.4,B
Strawberry,Pulp,Galle Fruit Market,Southern Agro Supplies,Galle,8.3,B
Kiwi,Fruit Leather,Anuradhapura Market,Sacred City Agro,Anuradhapura,7.9,C
Grapes,Nectar,Batticaloa Market,Batticaloa Fruit Traders,Batticaloa,9.4,B
Orange,Wine,Kurunegala Market,Kurunegala Fruit Hub,Kurunegala,8.9,C
Pomegranate,Fruit Snacks,Batticaloa Market,Batticaloa Fruit Traders,Batticaloa,8.5,B
Soursop,Fruit Salsa,Kurunegala Market,Kurunegala Fruit Hub,Kurunegala,7.8,C
Soursop,Canned Fruit Cocktail,Batticaloa Market,Batticaloa Fruit Traders,Batticaloa,7.8,A
Plum,Fruit Concentrate,Trincomalee Market,Eastern Fresh Produce,Trincomalee,8.4,B
Grapes,Fruit Bars,Badulla Market,Hill Country Fresh,Badulla,8.7,C
Beli,Dried Fruit,Galle Fruit Market,Southern Agro Supplies,Galle,8.0,A
Beli,Nectar,Ratnapura Market,Gemland Fruits,Ratnapura,9.5,A
Watermelon,Fruit Topping,Badulla Market,Hill Country Fresh,Badulla,8.4,B
Rambutan,Fruit Puree,Badulla Market,Hill Country Fresh,Badulla,7.9,C
Ambarella,Compote,Trincomalee Market,Eastern Fresh Produce,Trincomalee,9.4,B
Avocado,Fruit Candy,Kurunegala Market,Kurunegala Fruit Hub,Kurunegala,9.5,B
Mango,Fruit-Infused Water,Anuradhapura Market,Sacred City Agro,Anuradhapura,8.7,A
Peach,Smoothie Mix,Galle Fruit Market,Southern Agro Supplies,Galle,9.4,B
Kiwi,Frozen Dessert,Batticaloa Market,Batticaloa Fruit Traders,Batticaloa,9.9,A
Coconut,Pulp,Anuradhapura Market,Sacred City Agro,Anuradhapura,8.1,B
Kiwi,Fruit Leather,Colombo Pettah Market,Fruit Lanka Traders,Colombo,9.8,B
Coconut,Preserves,Jaffna Market,Northern Fresh Fruits,Jaffna,8.4,B
Pear,Essential Oil,Badulla Market,Hill Country Fresh,Badulla,9.8,B
Rambutan,Essential Oil,Colombo Pettah Market,Fruit Lanka Traders,Colombo,7.9,A
Peach,Fruit-Infused Water,Kandy Central Market,Highland Fruit Mart,Kandy,9.5,A
Mangosteen,Flavored Yogurt,Anuradhapura Market,Sacred City Agro,Anuradhapura,8.3,C
Pear,Jelly,Kandy Central Market,Highland Fruit Mart,Kandy,8.9,C
Pineapple,Fruit Leather,Kurunegala Market,Kurunegala Fruit Hub,Kurunegala,8.9,B
Coconut,Fruit-Based Dietary Supplements,Colombo Pettah Market,Fruit Lanka Traders,Colombo,9.7,B
Jackfruit,Flavored Yogurt,Anuradhapura Market,Sacred City Agro,Anuradhapura,8.7,B
Avocado,Fruit-Infused Water,Kandy Central Market,Highland Fruit Mart,Kandy,7.8,B
Soursop,Juice,Jaffna Market,Northern Fresh Fruits,Jaffna,7.9,B
Orange,Juice,Kurunegala Market,Kurunegala Fruit Hub,Kurunegala,8.1,A
Avocado,Fermented Drink,Jaffna Market,Northern Fresh Fruits,Jaffna,9.0,C
Lychee,Essential Oil,Trincomalee Market,Eastern Fresh Produce,Trincomalee,9.5,A
Guava,Fruit Salsa,Kandy Central Market,Highland Fruit Mart,Kandy,9.5,A
Rambutan,Fruit Salad Mix,Kurunegala Market,Kurunegala Fruit Hub,Kurunegala,9.2,C
Apple,Fruit Butter,Negombo Fish Market,Negombo Fresh Supplies,Negombo,8.0,A
Watermelon,Fruit Puree,Jaffna Market,Northern Fresh Fruits,Jaffna,8.6,A
Peach,Fruit Leather,Colombo Pettah Market,Fruit Lanka Traders,Colombo,9.3,A
Rambutan,Canned Fruit,Matara Market,Matara Fruit Bazaar,Matara,9.5,C
Coconut,Essential Oil,Anuradhapura Market,Sacred City Agro,Anuradhapura,9.9,C
Woodapple,Pickles,Trincomalee Market,Eastern Fresh Produce,Trincomalee,8.5,B
Strawberry,Wine,Anuradhapura Market,Sacred City Agro,Anuradhapura,8.8,B
Ambarella,Fruit Candy,Matara Market,Matara Fruit Bazaar,Matara,10.0,C
Papaya,Fruit Salad Mix,Galle Fruit Market,Southern Agro Supplies,Galle,10.0,A
Avocado,Fruit Snacks,Jaffna Market,Northern Fresh Fruits,Jaffna,8.6,A
Rambutan,Freeze-Dried Fruit,Galle Fruit Market,Southern Agro Supplies,Galle,7.6,B
Mangosteen,Wine,Kurunegala Market,Kurunegala Fruit Hub,Kurunegala,9.2,A
Banana,Juice,Ratnapura Market,Gemland Fruits,Ratnapura,8.1,A
Strawberry,Fruit Butter,Batticaloa Market,Batticaloa Fruit Traders,Batticaloa,8.2,C
Durian,Powdered Fruit,Jaffna Market,Northern Fresh Fruits,Jaffna,8.5,A
Mango,Nectar,Galle Fruit Market,Southern Agro Supplies,Galle,8.9,B
Pineapple,Frozen Dessert,Kandy Central Market,Highland Fruit Mart,Kandy,8.3,C
Lemon,Fruit Chips,Matara Market,Matara Fruit Bazaar,Matara,9.1,A
Plum,Fruit Concentrate,Batticaloa Market,Batticaloa Fruit Traders,Batticaloa,9.9,A
Watermelon,Dried Fruit,Batticaloa Market,Batticaloa Fruit Traders,Batticaloa,9.9,C
Strawberry,Fruit-Flavored Tea,Galle Fruit Market,Southern Agro Supplies,Galle,9.0,B
Orange,Fruit Snacks,Anuradhapura Market,Sacred City Agro,Anuradhapura,9.9,A
Peach,Jam,Negombo Fish Market,Negombo Fresh Supplies,Negombo,8.0,B
Jackfruit,Compote,Colombo Pettah Market,Fruit Lanka Traders,Colombo,8.1,C
Pomegranate,Essential Oil,Kandy Central Market,Highland Fruit Mart,Kandy,8.9,B
Ambarella,Fruit Butter,Badulla Market,Hill Country Fresh,Badulla,7.9,C
Coconut,Compote,Puttalam Market,Northwest Fruits,Puttalam,9.2,B
Beli,Pickles,Kurunegala Market,Kurunegala Fruit Hub,Kurunegala,8.6,A
Orange,Wine,Kurunegala Market,Kurunegala Fruit Hub,Kurunegala,9.9,A
Woodapple,Chutney,Puttalam Market,Northwest Fruits,Puttalam,8.9,C
Papaya,Freeze-Dried Fruit,Ratnapura Market,Gemland Fruits,Ratnapura,9.0,B
Guava,Fruit Candy,Matara Market,Matara Fruit Bazaar,Matara,8.0,A
Rambutan,Fruit Concentrate,Anuradhapura Market,Sacred City Agro,Anuradhapura,9.2,B
Orange,Fruit Topping,Negombo Fish Market,Negombo Fresh Supplies,Negombo,7.9,A
Beli,Juice,Batticaloa Market,Batticaloa Fruit Traders,Batticaloa,9.3,B
Grapes,Fruit-Filled Pastries,Anuradhapura Market,Sacred City Agro,Anuradhapura,9.5,A
Apple,Wine,Anuradhapura Market,Sacred City Agro,Anuradhapura,9.4,C
Lychee,Fruit-Based Dietary Supplements,Kurunegala Market,Kurunegala Fruit Hub,Kurunegala,8.3,B
Ambarella,Fruit Extract,Ratnapura Market,Gemland Fruits,Ratnapura,7.6,C
Custard Apple,Fruit-Flavored Tea,Negombo Fish Market,Negombo Fresh Supplies,Negombo,8.8,A
Kiwi,Fruit Extract,Badulla Market,Hill Country Fresh,Badulla,8.0,A
Blueberry,Sauce,Negombo Fish Market,Negombo Fresh Supplies,Negombo,9.1,A
Apple,Canned Fruit,Kurunegala Market,Kurunegala Fruit Hub,Kurunegala,9.8,A
Watermelon,Marmalade,Negombo Fish Market,Negombo Fresh Supplies,Negombo,9.7,A
Watermelon,Marmalade,Kandy Central Market,Highland Fruit Mart,Kandy,7.7,B
Pear,Fruit-Based Dietary Supplements,Kandy Central Market,Highland Fruit Mart,Kandy,9.8,C
Pear,Powdered Fruit,Matara Market,Matara Fruit Bazaar,Matara,8.4,A
Coconut,Canned Fruit Cocktail,Anuradhapura Market,Sacred City Agro,Anuradhapura,9.0,A
Guava,Fruit Pizza,Kurunegala Market,Kurunegala Fruit Hub,Kurunegala,9.0,C
Orange,Wine,Batticaloa Market,Batticaloa Fruit Traders,Batticaloa,8.4,A
Rambutan,Canned Fruit,Badulla Market,Hill Country Fresh,Badulla,8.0,A
Beli,Marmalade,Kurunegala Market,Kurunegala Fruit Hub,Kurunegala,10.0,C
Papaya,Canned Fruit Cocktail,Badulla Market,Hill Country Fresh,Badulla,8.3,C
Avocado,Fruit Butter,Matara Market,Matara Fruit Bazaar,Matara,8.7,C
Guava,Pickles,Kandy Central Market,Highland Fruit Mart,Kandy,8.5,B
Plum,Fruit-Based Dietary Supplements,Ratnapura Market,Gemland Fruits,Ratnapura,9.4,A
Pineapple,Sauce,Negombo Fish Market,Negombo Fresh Supplies,Negombo,10.0,C
Plum,Pulp,Batticaloa Market,Batticaloa Fruit Traders,Batticaloa,9.1,C
Apple,Fruit Pizza,Trincomalee Market,Eastern Fresh Produce,Trincomalee,8.7,B
Pear,Syrup,Ratnapura Market,Gemland Fruits,Ratnapura,7.5,C
Strawberry,Dried Fruit,Colombo Pettah Market,Fruit Lanka Traders,Colombo,8.3,A
Pear,Jelly,Colombo Pettah Market,Fruit Lanka Traders,Colombo,7.6,B
Woodapple,Fruit-Infused Water,Batticaloa Market,Batticaloa Fruit Traders,Batticaloa,9.9,B
Custard Apple,Wine,Colombo Pettah Market,Fruit Lanka Traders,Colombo,9.1,C
Ambarella,Fruit Bars,Trincomalee Market,Eastern Fresh Produce,Trincomalee,7.7,C
Beli,Chutney,Kandy Central Market,Highland Fruit Mart,Kandy,8.4,C
Jackfruit,Fruit Extract,Anuradhapura Market,Sacred City Agro,Anuradhapura,7.9,B
Jackfruit,Fruit-Filled Pastries,Batticaloa Market,Batticaloa Fruit Traders,Batticaloa,9.3,B
Mango,Marmalade,Matara Market,Matara Fruit Bazaar,Matara,7.7,A
Kiwi,Compote,Matara Market,Matara Fruit Bazaar,Matara,7.5,C
Strawberry,Wine,Jaffna Market,Northern Fresh Fruits,Jaffna,7.6,C
Lemon,Fruit Concentrate,Trincomalee Market,Eastern Fresh Produce,Trincomalee,8.5,C
Mangosteen,Pickles,Anuradhapura Market,Sacred City Agro,Anuradhapura,9.7,A
Rambutan,Fruit Salad Mix,Jaffna Market,Northern Fresh Fruits,Jaffna,8.5,A
Apple,Fruit Leather,Jaffna Market,Northern Fresh Fruits,Jaffna,8.5,A
Custard Apple,Jelly,Badulla Market,Hill Country Fresh,Badulla,7.5,A
Apple,Fruit Extract,Colombo Pettah Market,Fruit Lanka Traders,Colombo,8.8,B
Banana,Powdered Fruit,Matara Market,Matara Fruit Bazaar,Matara,8.2,B
Coconut,Fruit Salsa,Galle Fruit Market,Southern Agro Supplies,Galle,9.9,B
Peach,Preserves,Kandy Central Market,Highland Fruit Mart,Kandy,7.9,A
Banana,Fermented Drink,Jaffna Market,Northern Fresh Fruits,Jaffna,9.7,C
Beli,Fruit-Flavored Tea,Jaffna Market,Northern Fresh Fruits,Jaffna,8.6,B
Apple,Frozen Dessert,Badulla Market,Hill Country Fresh,Badulla,9.2,C
Lemon,Dried Fruit,Matara Market,Matara Fruit Bazaar,Matara,8.2,B
Pineapple,Chutney,Galle Fruit Market,Southern Agro Supplies,Galle,9.3,C
Papaya,Fruit Bars,Negombo Fish Market,Negombo Fresh Supplies,Negombo,8.6,C
Woodapple,Chutney,Galle Fruit Market,Southern Agro Supplies,Galle,7.7,C
Beli,Chutney,Colombo Pettah Market,Fruit Lanka Traders,Colombo,9.8,A
Blueberry,Fruit-Based Dietary Supplements,Kandy Central Market,Highland Fruit Mart,Kandy,7.6,C
Jackfruit,Juice,Kandy Central Market,Highland Fruit Mart,Kandy,8.6,A
Plum,Smoothie Mix,Colombo Pettah Market,Fruit Lanka Traders,Colombo,8.4,B
Lemon,Pulp,Negombo Fish Market,Negombo Fresh Supplies,Negombo,8.1,C
Mangosteen,Fruit Chips,Anuradhapura Market,Sacred City Agro,Anuradhapura,8.3,C
Plum,Powdered Fruit,Colombo Pettah Market,Fruit Lanka Traders,Colombo,9.2,B
Grapes,Fermented Drink,Negombo Fish Market,Negombo Fresh Supplies,Negombo,9.7,C
Lychee,Fruit Salsa,Colombo Pettah Market,Fruit Lanka Traders,Colombo,8.7,B
Pineapple,Fruit Vinegar,Badulla Market,Hill Country Fresh,Badulla,9.1,A
Mango,Fruit Salsa,Kurunegala Market,Kurunegala Fruit Hub,Kurunegala,9.8,C
Pear,Frozen Dessert,Batticaloa Market,Batticaloa Fruit Traders,Batticaloa,7.6,C
Rambutan,Jam,Batticaloa Market,Batticaloa Fruit Traders,Batticaloa,8.2,A
Coconut,Canned Fruit Cocktail,Matara Market,Matara Fruit Bazaar,Matara,8.0,A
Pomegranate,Flavored Yogurt,Kurunegala Market,Kurunegala Fruit Hub,Kurunegala,7.9,B
Peach,Flavored Yogurt,Colombo Pettah Market,Fruit Lanka Traders,Colombo,9.8,A
Avocado,Nectar,Badulla Market,Hill Country Fresh,Badulla,7.7,B
Jackfruit,Canned Fruit,Kurunegala Market,Kurunegala Fruit Hub,Kurunegala,7.9,B
Pineapple,Fruit Extract,Puttalam Market,Northwest Fruits,Puttalam,7.7,B
Plum,Jam,Jaffna Market,Northern Fresh Fruits,Jaffna,8.5,C
Watermelon,Freeze-Dried Fruit,Jaffna Market,Northern Fresh Fruits,Jaffna,7.7,C
Blueberry,Fruit Topping,Kandy Central Market,Highland Fruit Mart,Kandy,9.9,A
Ambarella,Syrup,Matara Market,Matara Fruit Bazaar,Matara,9.3,A
Lemon,Smoothie Mix,Badulla Market,Hill Country Fresh,Badulla,8.4,A
Lychee,Essential Oil,Puttalam Market,Northwest Fruits,Puttalam,8.6,C
Orange,Dried Fruit,Batticaloa Market,Batticaloa Fruit Traders,Batticaloa,9.1,B
Plum,Freeze-Dried Fruit,Kurunegala Market,Kurunegala Fruit Hub,Kurunegala,7.9,C
Rambutan,Flavored Yogurt,Trincomalee Market,Eastern Fresh Produce,Trincomalee,8.3,C
Custard Apple,Canned Fruit,Ratnapura Market,Gemland Fruits,Ratnapura,8.2,C
Peach,Fruit Salsa,Anuradhapura Market,Sacred City Agro,Anuradhapura,9.7,A
Jackfruit,Chutney,Batticaloa Market,Batticaloa Fruit Traders,Batticaloa,8.8,A
Jackfruit,Fruit Leather,Batticaloa Market,Batticaloa Fruit Traders,Batticaloa,7.7,A
Durian,Jam,Negombo Fish Market,Negombo Fresh Supplies,Negombo,9.1,A
Rambutan,Fruit Extract,Negombo Fish Market,Negombo Fresh Supplies,Negombo,9.5,C
Peach,Dried Fruit,Kandy Central Market,Highland Fruit Mart,Kandy,8.1,A
Pineapple,Canned Fruit,Anuradhapura Market,Sacred City Agro,Anuradhapura,7.9,C
Coconut,Pulp,Batticaloa Market,Batticaloa Fruit Traders,Batticaloa,8.9,C
Coconut,Compote,Kurunegala Market,Kurunegala Fruit Hub,Kurunegala,8.4,C
Lemon,Fruit Extract,Ratnapura Market,Gemland Fruits,Ratnapura,7.8,B
Jackfruit,Canned Fruit,Jaffna Market,Northern Fresh Fruits,Jaffna,9.6,A
Beli,Fruit Puree,Matara Market,Matara Fruit Bazaar,Matara,8.2,B
Woodapple,Frozen Dessert,Puttalam Market,Northwest Fruits,Puttalam,9.0,C
Lychee,Jelly,Puttalam Market,Northwest Fruits,Puttalam,9.0,B
Banana,Jelly,Jaffna Market,Northern Fresh Fruits,Jaffna,7.8,A
Strawberry,Fruit Topping,Badulla Market,Hill Country Fresh,Badulla,10.0,A
Banana,Powdered Fruit,Kurunegala Market,Kurunegala Fruit Hub,Kurunegala,9.6,B
Coconut,Fruit Butter,Colombo Pettah Market,Fruit Lanka Traders,Colombo,9.2,B
Mangosteen,Fruit Salsa,Batticaloa Market,Batticaloa Fruit Traders,Batticaloa,7.5,A
Kiwi,Juice,Kurunegala Market,Kurunegala Fruit Hub,Kurunegala,8.7,A
Custard Apple,Preserves,Puttalam Market,Northwest Fruits,Puttalam,8.9,B
Jackfruit,Fruit Topping,Kandy Central Market,Highland Fruit Mart,Kandy,9.2,B
Kiwi,Fruit-Flavored Tea,Badulla Market,Hill Country Fresh,Badulla,9.7,B
Strawberry,Frozen Dessert,Kurunegala Market,Kurunegala Fruit Hub,Kurunegala,8.4,B
Watermelon,Fruit Concentrate,Ratnapura Market,Gemland Fruits,Ratnapura,8.3,B
Apple,Juice,Negombo Fish Market,Negombo Fresh Supplies,Negombo,9.7,A
Peach,Pickles,Ratnapura Market,Gemland Fruits,Ratnapura,9.6,C
Soursop,Freeze-Dried Fruit,Kandy Central Market,Highland Fruit Mart,Kandy,9.6,C
Plum,Pulp,Colombo Pettah Market,Fruit Lanka Traders,Colombo,9.5,B
Lemon,Fruit Topping,Jaffna Market,Northern Fresh Fruits,Jaffna,8.6,B
Mangosteen,Sauce,Batticaloa Market,Batticaloa Fruit Traders,Batticaloa,8.3,A
Blueberry,Preserves,Ratnapura Market,Gemland Fruits,Ratnapura,9.7,A
Pineapple,Jelly,Ratnapura Market,Gemland Fruits,Ratnapura,9.3,B
Apple,Fruit Salsa,Matara Market,Matara Fruit Bazaar,Matara,7.7,C
Watermelon,Fruit Snacks,Galle Fruit Market,Southern Agro Supplies,Galle,9.0,C
Cherry,Fruit Candy,Colombo Pettah Market,Fruit Lanka Traders,Colombo,8.0,A
Durian,Fruit Topping,Kurunegala Market,Kurunegala Fruit Hub,Kurunegala,9.7,B
Apple,Fruit Butter,Ratnapura Market,Gemland Fruits,Ratnapura,9.6,B
Beli,Fruit Snacks,Ratnapura Market,Gemland Fruits,Ratnapura,9.2,B
Rambutan,Fruit Extract,Jaffna Market,Northern Fresh Fruits,Jaffna,8.5,A
Kiwi,Wine,Kandy Central Market,Highland Fruit Mart,Kandy,8.9,B
Blueberry,Essential Oil,Galle Fruit Market,Southern Agro Supplies,Galle,8.3,B
Watermelon,Smoothie Mix,Galle Fruit Market,Southern Agro Supplies,Galle,7.7,A
Lemon,Fruit Salsa,Anuradhapura Market,Sacred City Agro,Anuradhapura,7.7,A
Rambutan,Compote,Matara Market,Matara Fruit Bazaar,Matara,8.5,A
Mangosteen,Chutney,Kandy Central Market,Highland Fruit Mart,Kandy,9.0,A
Peach,Fermented Drink,Negombo Fish Market,Negombo Fresh Supplies,Negombo,8.0,A
Guava,Fruit Salad Mix,Puttalam Market,Northwest Fruits,Puttalam,7.6,C
Plum,Chutney,Kurunegala Market,Kurunegala Fruit Hub,Kurunegala,8.8,A
Jackfruit,Fruit Snacks,Negombo Fish Market,Negombo Fresh Supplies,Negombo,7.7,A
Kiwi,Dried Fruit,Jaffna Market,Northern Fresh Fruits,Jaffna,8.0,C
Jackfruit,Pulp,Colombo Pettah Market,Fruit Lanka Traders,Colombo,9.0,A
Mangosteen,Fruit-Infused Water,Trincomalee Market,Eastern Fresh Produce,Trincomalee,8.0,C
Watermelon,Jam,Galle Fruit Market,Southern Agro Supplies,Galle,8.4,B
Orange,Fruit Vinegar,Ratnapura Market,Gemland Fruits,Ratnapura,9.0,B
Papaya,Fruit-Filled Pastries,Anuradhapura Market,Sacred City Agro,Anuradhapura,9.6,B
Blueberry,Fruit-Flavored Tea,Galle Fruit Market,Southern Agro Supplies,Galle,9.6,A
Pineapple,Fruit Butter,Jaffna Market,Northern Fresh Fruits,Jaffna,8.1,B
Strawberry,Fruit Salad Mix,Puttalam Market,Northwest Fruits,Puttalam,9.9,B
Watermelon,Fruit Candy,Anuradhapura Market,Sacred City Agro,Anuradhapura,9.0,C
Banana,Jam,Jaffna Market,Northern Fresh Fruits,Jaffna,8.8,A
Coconut,Sauce,Matara Market,Matara Fruit Bazaar,Matara,9.0,B
Avocado,Freeze-Dried Fruit,Anuradhapura Market,Sacred City Agro,Anuradhapura,7.7,B
Cherry,Fruit Topping,Galle Fruit Market,Southern Agro Supplies,Galle,7.7,B
Mangosteen,Preserves,Matara Market,Matara Fruit Bazaar,Matara,7.8,B
Plum,Fruit Salad Mix,Puttalam Market,Northwest Fruits,Puttalam,7.7,B
Soursop,Fruit Pizza,Ratnapura Market,Gemland Fruits,Ratnapura,8.1,B
Durian,Nectar,Jaffna Market,Northern Fresh Fruits,Jaffna,9.8,A
Pear,Sauce,Kurunegala Market,Kurunegala Fruit Hub,Kurunegala,9.8,A
Guava,Pickles,Galle Fruit Market,Southern Agro Supplies,Galle,8.1,C
Plum,Juice,Badulla Market,Hill Country Fresh,Badulla,7.8,A
Watermelon,Fruit Butter,Colombo Pettah Market,Fruit Lanka Traders,Colombo,7.6,C
Blueberry,Fermented Drink,Kurunegala Market,Kurunegala Fruit Hub,Kurunegala,9.7,C
Custard Apple,Fruit-Based Dietary Supplements,Kurunegala Market,Kurunegala Fruit Hub,Kurunegala,7.9,C
Orange,Chutney,Negombo Fish Market,Negombo Fresh Supplies,Negombo,9.3,B
Plum,Vinegar,Kurunegala Market,Kurunegala Fruit Hub,Kurunegala,9.9,A
Ambarella,Chutney,Badulla Market,Hill Country Fresh,Badulla,9.2,C
Strawberry,Fruit-Filled Pastries,Matara Market,Matara Fruit Bazaar,Matara,9.8,C
Watermelon,Fruit-Based Dietary Supplements,Puttalam Market,Northwest Fruits,Puttalam,9.7,C
Coconut,Fruit Bars,Ratnapura Market,Gemland Fruits,Ratnapura,7.8,B
Mangosteen,Marmalade,Negombo Fish Market,Negombo Fresh Supplies,Negombo,9.7,A
Beli,Fruit Chips,Badulla Market,Hill Country Fresh,Badulla,7.8,C
Pomegranate,Powdered Fruit,Matara Market,Matara Fruit Bazaar,Matara,8.2,B
Lemon,Smoothie Mix,Negombo Fish Market,Negombo Fresh Supplies,Negombo,7.9,C
Blueberry,Smoothie Mix,Negombo Fish Market,Negombo Fresh Supplies,Negombo,7.7,A
Papaya,Fruit Candy,Puttalam Market,Northwest Fruits,Puttalam,7.5,C
Plum,Fruit Chips,Colombo Pettah Market,Fruit Lanka Traders,Colombo,8.0,B
Banana,Fruit Candy,Puttalam Market,Northwest Fruits,Puttalam,8.1,B
Ambarella,Fruit Leather,Kandy Central Market,Highland Fruit Mart,Kandy,9.6,A
Kiwi,Fruit-Filled Pastries,Anuradhapura Market,Sacred City Agro,Anuradhapura,9.4,B
Mango,Freeze-Dried Fruit,Matara Market,Matara Fruit Bazaar,Matara,8.0,B
Rambutan,Jelly,Galle Fruit Market,Southern Agro Supplies,Galle,8.0,B
Mango,Jam,Puttalam Market,Northwest Fruits,Puttalam,7.6,C
Blueberry,Jam,Trincomalee Market,Eastern Fresh Produce,Trincomalee,10.0,A
Jackfruit,Marmalade,Batticaloa Market,Batticaloa Fruit Traders,Batticaloa,7.6,B
Lemon,Pulp,Kandy Central Market,Highland Fruit Mart,Kandy,8.2,C
Durian,Fruit Butter,Colombo Pettah Market,Fruit Lanka Traders,Colombo,8.0,C
Pomegranate,Freeze-Dried Fruit,Colombo Pettah Market,Fruit Lanka Traders,Colombo,9.2,C
Lemon,Vinegar,Galle Fruit Market,Southern Agro Supplies,Galle,7.5,A
Watermelon,Vinegar,Anuradhapura Market,Sacred City Agro,Anuradhapura,8.9,A
Custard Apple,Nectar,Negombo Fish Market,Negombo Fresh Supplies,Negombo,7.7,C
Watermelon,Fruit-Infused Water,Kandy Central Market,Highland Fruit Mart,Kandy,8.7,A
Pineapple,Preserves,Galle Fruit Market,Southern Agro Supplies,Galle,7.9,A
Ambarella,Preserves,Ratnapura Market,Gemland Fruits,Ratnapura,7.5,A
Lemon,Marmalade,Kurunegala Market,Kurunegala Fruit Hub,Kurunegala,9.8,B
Blueberry,Fruit-Filled Pastries,Kandy Central Market,Highland Fruit Mart,Kandy,10.0,A
Pomegranate,Canned Fruit Cocktail,Badulla Market,Hill Country Fresh,Badulla,9.4,B
Coconut,Preserves,Galle Fruit Market,Southern Agro Supplies,Galle,9.5,C
Pear,Smoothie Mix,Galle Fruit Market,Southern Agro Supplies,Galle,8.0,A
Orange,Pulp,Ratnapura Market,Gemland Fruits,Ratnapura,7.7,C
Plum,Juice,Jaffna Market,Northern Fresh Fruits,Jaffna,8.7,A
Coconut,Wine,Anuradhapura Market,Sacred City Agro,Anuradhapura,8.3,C
Avocado,Smoothie Mix,Ratnapura Market,Gemland Fruits,Ratnapura,8.1,C
Beli,Fruit-Filled Pastries,Batticaloa Market,Batticaloa Fruit Traders,Batticaloa,7.8,B
Pear,Essential Oil,Batticaloa Market,Batticaloa Fruit Traders,Batticaloa,10.0,A
Ambarella,Fruit Topping,Trincomalee Market,Eastern Fresh Produce,Trincomalee,8.1,B
Lemon,Jelly,Galle Fruit Market,Southern Agro Supplies,Galle,8.0,C
Pineapple,Fruit Snacks,Jaffna Market,Northern Fresh Fruits,Jaffna,9.0,A
Coconut,Fruit Butter,Batticaloa Market,Batticaloa Fruit Traders,Batticaloa,7.7,B
Peach,Vinegar,Batticaloa Market,Batticaloa Fruit Traders,Batticaloa,8.9,C
Pineapple,Powdered Fruit,Kurunegala Market,Kurunegala Fruit Hub,Kurunegala,7.7,B
Mango,Jelly,Matara Market,Matara Fruit Bazaar,Matara,8.2,B
Papaya,Fruit Vinegar,Jaffna Market,Northern Fresh Fruits,Jaffna,9.9,B
Lemon,Nectar,Batticaloa Market,Batticaloa Fruit Traders,Batticaloa,7.5,B
Banana,Vinegar,Colombo Pettah Market,Fruit Lanka Traders,Colombo,9.0,A
Mangosteen,Fruit Snacks,Kandy Central Market,Highland Fruit Mart,Kandy,8.9,B
Avocado,Preserves,Trincomalee Market,Eastern Fresh Produce,Trincomalee,8.7,C
Avocado,Sauce,Puttalam Market,Northwest Fruits,Puttalam,8.3,B
Coconut,Powdered Fruit,Negombo Fish Market,Negombo Fresh Supplies,Negombo,9.4,A
Coconut,Canned Fruit,Kandy Central Market,Highland Fruit Mart,Kandy,8.5,C
Peach,Juice,Negombo Fish Market,Negombo Fresh Supplies,Negombo,7.8,C
Durian,Sauce,Colombo Pettah Market,Fruit Lanka Traders,Colombo,9.2,B
Watermelon,Fermented Drink,Anuradhapura Market,Sacred City Agro,Anuradhapura,9.0,C
Soursop,Chutney,Badulla Market,Hill Country Fresh,Badulla,8.6,C
Mangosteen,Juice,Matara Market,Matara Fruit Bazaar,Matara,7.5,A
Pomegranate,Chutney,Ratnapura Market,Gemland Fruits,Ratnapura,7.6,A
Jackfruit,Fermented Drink,Jaffna Market,Northern Fresh Fruits,Jaffna,8.6,B
Peach,Jelly,Galle Fruit Market,Southern Agro Supplies,Galle,8.3,B
Grapes,Fruit Snacks,Jaffna Market,Northern Fresh Fruits,Jaffna,8.7,B
Woodapple,Syrup,Matara Market,Matara Fruit Bazaar,Matara,9.0,A
Coconut,Syrup,Kandy Central Market,Highland Fruit Mart,Kandy,8.2,A
Peach,Flavored Yogurt,Colombo Pettah Market,Fruit Lanka Traders,Colombo,9.3,C
Kiwi,Preserves,Trincomalee Market,Eastern Fresh Produce,Trincomalee,8.3,A
Pear,Fruit Bars,Galle Fruit Market,Southern Agro Supplies,Galle,9.5,C
Avocado,Fruit Vinegar,Matara Market,Matara Fruit Bazaar,Matara,9.8,B
Pomegranate,Fruit-Flavored Tea,Jaffna Market,Northern Fresh Fruits,Jaffna,9.5,A
Banana,Fruit Candy,Kandy Central Market,Highland Fruit Mart,Kandy,9.6,B
Durian,Smoothie Mix,Anuradhapura Market,Sacred City Agro,Anuradhapura,7.9,C
Custard Apple,Fruit Pizza,Puttalam Market,Northwest Fruits,Puttalam,8.1,B
Lemon,Jam,Matara Market,Matara Fruit Bazaar,Matara,8.4,A
Strawberry,Nectar,Kandy Central Market,Highland Fruit Mart,Kandy,8.8,C
Pear,Syrup,Galle Fruit Market,Southern Agro Supplies,Galle,9.9,B
Cherry,Jam,Badulla Market,Hill Country Fresh,Badulla,7.7,A
Pineapple,Canned Fruit Cocktail,Ratnapura Market,Gemland Fruits,Ratnapura,8.9,A
Pineapple,Fruit Candy,Batticaloa Market,Batticaloa Fruit Traders,Batticaloa,8.2,C
Avocado,Compote,Matara Market,Matara Fruit Bazaar,Matara,9.0,A
Kiwi,Fruit Concentrate,Anuradhapura Market,Sacred City Agro,Anuradhapura,9.1,B
Mangosteen,Fruit-Infused Water,Badulla Market,Hill Country Fresh,Badulla,9.1,C
Lemon,Canned Fruit Cocktail,Ratnapura Market,Gemland Fruits,Ratnapura,9.8,A
Soursop,Sauce,Negombo Fish Market,Negombo Fresh Supplies,Negombo,9.4,A
Avocado,Fruit Salad Mix,Anuradhapura Market,Sacred City Agro,Anuradhapura,8.4,B
Strawberry,Fruit Puree,Badulla Market,Hill Country Fresh,Badulla,7.5,C
Peach,Fruit Salsa,Jaffna Market,Northern Fresh Fruits,Jaffna,9.6,C
Custard Apple,Juice,Negombo Fish Market,Negombo Fresh Supplies,Negombo,8.0,A
Banana,Preserves,Matara Market,Matara Fruit Bazaar,Matara,7.8,B
Mango,Wine,Puttalam Market,Northwest Fruits,Puttalam,8.2,C
Kiwi,Nectar,Jaffna Market,Northern Fresh Fruits,Jaffna,9.4,A
Guava,Fruit-Based Dietary Supplements,Jaffna Market,Northern Fresh Fruits,Jaffna,7.7,C
Papaya,Fruit Leather,Jaffna Market,Northern Fresh Fruits,Jaffna,8.5,A
Pomegranate,Fruit Salsa,Batticaloa Market,Batticaloa Fruit Traders,Batticaloa,8.3,B
Orange,Marmalade,Jaffna Market,Northern Fresh Fruits,Jaffna,8.0,C
Jackfruit,Fruit Butter,Anuradhapura Market,Sacred City Agro,Anuradhapura,9.1,A
Orange,Preserves,Kurunegala Market,Kurunegala Fruit Hub,Kurunegala,7.8,A
Woodapple,Fruit Leather,Puttalam Market,Northwest Fruits,Puttalam,8.4,C
Cherry,Compote,Ratnapura Market,Gemland Fruits,Ratnapura,8.0,B
Durian,Fruit Salad Mix,Badulla Market,Hill Country Fresh,Badulla,7.9,B
Apple,Canned Fruit,Anuradhapura Market,Sacred City Agro,Anuradhapura,8.8,C
Rambutan,Fruit Chips,Colombo Pettah Market,Fruit Lanka Traders,Colombo,7.6,B
Blueberry,Pickles,Ratnapura Market,Gemland Fruits,Ratnapura,9.3,A
Lemon,Flavored Yogurt,Badulla Market,Hill Country Fresh,Badulla,8.5,C
Avocado,Pulp,Badulla Market,Hill Country Fresh,Badulla,7.9,C
Custard Apple,Jelly,Anuradhapura Market,Sacred City Agro,Anuradhapura,7.7,C
Pear,Pickles,Ratnapura Market,Gemland Fruits,Ratnapura,9.3,C
Apple,Fruit-Filled Pastries,Badulla Market,Hill Country Fresh,Badulla,8.7,A
Coconut,Fruit Extract,Negombo Fish Market,Negombo Fresh Supplies,Negombo,9.5,A
Guava,Fruit Snacks,Negombo Fish Market,Negombo Fresh Supplies,Negombo,7.8,A
Guava,Fruit Bars,Batticaloa Market,Batticaloa Fruit Traders,Batticaloa,8.7,C
Guava,Preserves,Ratnapura Market,Gemland Fruits,Ratnapura,8.0,C
Cherry,Fruit Snacks,Trincomalee Market,Eastern Fresh Produce,Trincomalee,9.1,B
Cherry,Frozen Dessert,Trincomalee Market,Eastern Fresh Produce,Trincomalee,8.6,C
Mangosteen,Fruit Topping,Ratnapura Market,Gemland Fruits,Ratnapura,9.5,C
Plum,Fruit-Infused Water,Kandy Central Market,Highland Fruit Mart,Kandy,9.0,A
Custard Apple,Fruit Topping,Galle Fruit Market,Southern Agro Supplies,Galle,8.7,B
Soursop,Fruit Pizza,Jaffna Market,Northern Fresh Fruits,Jaffna,8.7,A
Plum,Jelly,Matara Market,Matara Fruit Bazaar,Matara,9.9,B
Soursop,Fruit Topping,Batticaloa Market,Batticaloa Fruit Traders,Batticaloa,8.4,A
Coconut,Marmalade,Batticaloa Market,Batticaloa Fruit Traders,Batticaloa,7.5,A
Avocado,Fruit Extract,Galle Fruit Market,Southern Agro Supplies,Galle,8.9,B
Papaya,Fruit Extract,Negombo Fish Market,Negombo Fresh Supplies,Negombo,9.1,B
Woodapple,Fruit Salsa,Kurunegala Market,Kurunegala Fruit Hub,Kurunegala,9.2,B
Watermelon,Flavored Yogurt,Colombo Pettah Market,Fruit Lanka Traders,Colombo,8.7,A
Custard Apple,Fruit-Infused Water,Matara Market,Matara Fruit Bazaar,Matara,8.0,B
Woodapple,Fruit Leather,Trincomalee Market,Eastern Fresh Produce,Trincomalee,9.1,A
Lychee,Flavored Yogurt,Negombo Fish Market,Negombo Fresh Supplies,Negombo,7.7,C
Orange,Wine,Galle Fruit Market,Southern Agro Supplies,Galle,9.5,C
Beli,Fruit Salad Mix,Negombo Fish Market,Negombo Fresh Supplies,Negombo,7.9,A
Peach,Smoothie Mix,Kurunegala Market,Kurunegala Fruit Hub,Kurunegala,9.9,A
Pomegranate,Fruit Extract,Anuradhapura Market,Sacred City Agro,Anuradhapura,9.6,A
Blueberry,Preserves,Kandy Central Market,Highland Fruit Mart,Kandy,7.8,B
Banana,Fruit-Flavored Tea,Kurunegala Market,Kurunegala Fruit Hub,Kurunegala,8.2,A
Mango,Flavored Yogurt,Jaffna Market,Northern Fresh Fruits,Jaffna,8.5,C
Mangosteen,Fruit Snacks,Galle Fruit Market,Southern Agro Supplies,Galle,9.2,B
Plum,Fruit Concentrate,Kurunegala Market,Kurunegala Fruit Hub,Kurunegala,9.0,C
Kiwi,Compote,Kurunegala Market,Kurunegala Fruit Hub,Kurunegala,8.9,A
Grapes,Fruit Concentrate,Anuradhapura Market,Sacred City Agro,Anuradhapura,8.5,C
Watermelon,Fermented Drink,Anuradhapura Market,Sacred City Agro,Anuradhapura,8.6,C
Coconut,Nectar,Anuradhapura Market,Sacred City Agro,Anuradhapura,8.5,A
Durian,Chutney,Negombo Fish Market,Negombo Fresh Supplies,Negombo,8.2,A
Mangosteen,Pulp,Trincomalee Market,Eastern Fresh Produce,Trincomalee,9.3,C
Blueberry,Canned Fruit Cocktail,Negombo Fish Market,Negombo Fresh Supplies,Negombo,9.6,A
Coconut,Fruit-Flavored Tea,Puttalam Market,Northwest Fruits,Puttalam,9.7,C
Mango,Compote,Badulla Market,Hill Country Fresh,Badulla,9.0,A
Grapes,Fruit Salsa,Puttalam Market,Northwest Fruits,Puttalam,9.7,A
Pear,Fruit Concentrate,Batticaloa Market,Batticaloa Fruit Traders,Batticaloa,9.0,C
Guava,Vinegar,Trincomalee Market,Eastern Fresh Produce,Trincomalee,8.1,A
Mango,Juice,Matara Market,Matara Fruit Bazaar,Matara,8.5,A
Cherry,Essential Oil,Ratnapura Market,Gemland Fruits,Ratnapura,7.9,A
Coconut,Sauce,Ratnapura Market,Gemland Fruits,Ratnapura,7.5,B
Avocado,Nectar,Badulla Market,Hill Country Fresh,Badulla,7.8,C
Grapes,Smoothie Mix,Galle Fruit Market,Southern Agro Supplies,Galle,7.7,B
Orange,Fruit-Infused Water,Negombo Fish Market,Negombo Fresh Supplies,Negombo,9.3,A
Durian,Essential Oil,Galle Fruit Market,Southern Agro Supplies,Galle,8.1,A
Apple,Fruit Candy,Anuradhapura Market,Sacred City Agro,Anuradhapura,8.1,B
Guava,Pickles,Kandy Central Market,Highland Fruit Mart,Kandy,9.3,C
Pineapple,Wine,Matara Market,Matara Fruit Bazaar,Matara,8.7,A
Avocado,Compote,Badulla Market,Hill Country Fresh,Badulla,8.0,A
Apple,Freeze-Dried Fruit,Galle Fruit Market,Southern Agro Supplies,Galle,8.5,B
Kiwi,Fruit-Based Dietary Supplements,Anuradhapura Market,Sacred City Agro,Anuradhapura,8.1,C
Coconut,Fruit Concentrate,Anuradhapura Market,Sacred City Agro,Anuradhapura,7.7,B
Kiwi,Syrup,Jaffna Market,Northern Fresh Fruits,Jaffna,7.7,B
Orange,Fruit Concentrate,Colombo Pettah Market,Fruit Lanka Traders,Colombo,8.1,A
Blueberry,Fruit Salsa,Badulla Market,Hill Country Fresh,Badulla,8.3,B
Strawberry,Fruit Salad Mix,Negombo Fish Market,Negombo Fresh Supplies,Negombo,8.0,B
Ambarella,Fermented Drink,Trincomalee Market,Eastern Fresh Produce,Trincomalee,9.4,C
Watermelon,Fermented Drink,Trincomalee Market,Eastern Fresh Produce,Trincomalee,7.6,A
Strawberry,Vinegar,Kandy Central Market,Highland Fruit Mart,Kandy,8.4,B
Cherry,Fruit Candy,Kandy Central Market,Highland Fruit Mart,Kandy,8.4,A
Rambutan,Frozen Dessert,Puttalam Market,Northwest Fruits,Puttalam,9.8,A
Plum,Marmalade,Trincomalee Market,Eastern Fresh Produce,Trincomalee,8.0,B
Pear,Fruit-Flavored Tea,Ratnapura Market,Gemland Fruits,Ratnapura,8.6,C
Avocado,Fermented Drink,Colombo Pettah Market,Fruit Lanka Traders,Colombo,8.2,A
Watermelon,Canned Fruit,Batticaloa Market,Batticaloa Fruit Traders,Batticaloa,9.4,C
Durian,Juice,Galle Fruit Market,Southern Agro Supplies,Galle,9.1,A
Pineapple,Frozen Dessert,Anuradhapura Market,Sacred City Agro,Anuradhapura,7.6,B
Custard Apple,Fruit Snacks,Trincomalee Market,Eastern Fresh Produce,Trincomalee,9.1,B
Pineapple,Jam,Ratnapura Market,Gemland Fruits,Ratnapura,9.1,C
Soursop,Canned Fruit Cocktail,Kandy Central Market,Highland Fruit Mart,Kandy,9.8,B
Blueberry,Fruit Puree,Badulla Market,Hill Country Fresh,Badulla,9.0,B
Cherry,Syrup,Ratnapura Market,Gemland Fruits,Ratnapura,7.6,A
Lemon,Jelly,Puttalam Market,Northwest Fruits,Puttalam,7.7,B
Lychee,Canned Fruit,Kandy Central Market,Highland Fruit Mart,Kandy,9.1,A
Guava,Canned Fruit Cocktail,Colombo Pettah Market,Fruit Lanka Traders,Colombo,9.7,B
Peach,Sauce,Puttalam Market,Northwest Fruits,Puttalam,8.1,C
Lychee,Preserves,Batticaloa Market,Batticaloa Fruit Traders,Batticaloa,9.0,B
Soursop,Jam,Anuradhapura Market,Sacred City Agro,Anuradhapura,8.0,C
Rambutan,Smoothie Mix,Jaffna Market,Northern Fresh Fruits,Jaffna,8.6,A
Lemon,Jam,Jaffna Market,Northern Fresh Fruits,Jaffna,9.5,A
Kiwi,Fruit Bars,Kandy Central Market,Highland Fruit Mart,Kandy,8.7,B
Orange,Fruit Leather,Matara Market,Matara Fruit Bazaar,Matara,8.5,A
Durian,Jam,Badulla Market,Hill Country Fresh,Badulla,9.5,C
Ambarella,Fruit-Filled Pastries,Anuradhapura Market,Sacred City Agro,Anuradhapura,7.5,A
Banana,Flavored Yogurt,Kurunegala Market,Kurunegala Fruit Hub,Kurunegala,9.9,C
Orange,Essential Oil,Jaffna Market,Northern Fresh Fruits,Jaffna,9.3,B
Pear,Pulp,Negombo Fish Market,Negombo Fresh Supplies,Negombo,9.4,A
Grapes,Frozen Dessert,Kandy Central Market,Highland Fruit Mart,Kandy,8.9,B
Lychee,Freeze-Dried Fruit,Batticaloa Market,Batticaloa Fruit Traders,Batticaloa,9.6,C
Kiwi,Sauce,Badulla Market,Hill Country Fresh,Badulla,9.7,B
Peach,Juice,Kandy Central Market,Highland Fruit Mart,Kandy,9.7,B
Mangosteen,Fruit Butter,Matara Market,Matara Fruit Bazaar,Matara,9.9,B
Lychee,Fruit Snacks,Trincomalee Market,Eastern Fresh Produce,Trincomalee,8.8,B
Orange,Fruit Vinegar,Colombo Pettah Market,Fruit Lanka Traders,Colombo,7.9,C
Pineapple,Fruit Salsa,Badulla Market,Hill Country Fresh,Badulla,8.0,B
Soursop,Fruit Vinegar,Colombo Pettah Market,Fruit Lanka Traders,Colombo,8.2,C
Durian,Fruit Candy,Colombo Pettah Market,Fruit Lanka Traders,Colombo,9.9,C
Apple,Preserves,Kurunegala Market,Kurunegala Fruit Hub,Kurunegala,9.9,B
Jackfruit,Canned Fruit Cocktail,Trincomalee Market,Eastern Fresh Produce,Trincomalee,7.6,C
Woodapple,Dried Fruit,Jaffna Market,Northern Fresh Fruits,Jaffna,9.4,C
Coconut,Fruit Leather,Jaffna Market,Northern Fresh Fruits,Jaffna,8.2,C
Plum,Jam,Puttalam Market,Northwest Fruits,Puttalam,7.6,B
Peach,Fruit Candy,Negombo Fish Market,Negombo Fresh Supplies,Negombo,9.2,C
Coconut,Pickles,Puttalam Market,Northwest Fruits,Puttalam,8.6,B
Soursop,Nectar,Galle Fruit Market,Southern Agro Supplies,Galle,9.2,A
Durian,Canned Fruit,Batticaloa Market,Batticaloa Fruit Traders,Batticaloa,9.5,B
Papaya,Smoothie Mix,Matara Market,Matara Fruit Bazaar,Matara,7.8,B
Pomegranate,Fruit Pizza,Colombo Pettah Market,Fruit Lanka Traders,Colombo,8.2,B
Blueberry,Pulp,Jaffna Market,Northern Fresh Fruits,Jaffna,8.6,A
Pomegranate,Canned Fruit Cocktail,Trincomalee Market,Eastern Fresh Produce,Trincomalee,9.6,A
Papaya,Vinegar,Trincomalee Market,Eastern Fresh Produce,Trincomalee,9.8,B
Avocado,Fruit-Flavored Tea,Matara Market,Matara Fruit Bazaar,Matara,8.6,C
Peach,Compote,Matara Market,Matara Fruit Bazaar,Matara,8.2,A
Blueberry,Fruit-Filled Pastries,Colombo Pettah Market,Fruit Lanka Traders,Colombo,8.7,B
Pineapple,Fruit Topping,Kandy Central Market,Highland Fruit Mart,Kandy,9.1,C
Strawberry,Fruit Snacks,Galle Fruit Market,Southern Agro Supplies,Galle,9.7,C
Guava,Fruit-Infused Water,Kurunegala Market,Kurunegala Fruit Hub,Kurunegala,7.6,B
Apple,Pulp,Badulla Market,Hill Country Fresh,Badulla,7.7,C
Plum,Fruit Chips,Badulla Market,Hill Country Fresh,Badulla,8.4,B
Mango,Fermented Drink,Badulla Market,Hill Country Fresh,Badulla,8.7,A
Apple,Compote,Negombo Fish Market,Negombo Fresh Supplies,Negombo,9.8,B
Pomegranate,Freeze-Dried Fruit,Jaffna Market,Northern Fresh Fruits,Jaffna,8.7,A
Kiwi,Smoothie Mix,Puttalam Market,Northwest Fruits,Puttalam,8.6,C
Lemon,Canned Fruit Cocktail,Jaffna Market,Northern Fresh Fruits,Jaffna,9.8,C
Coconut,Marmalade,Matara Market,Matara Fruit Bazaar,Matara,7.7,A
Lemon,Wine,Trincomalee Market,Eastern Fresh Produce,Trincomalee,8.9,B
Durian,Wine,Kurunegala Market,Kurunegala Fruit Hub,Kurunegala,8.3,C
Rambutan,Frozen Dessert,Trincomalee Market,Eastern Fresh Produce,Trincomalee,9.6,A
Strawberry,Fermented Drink,Anuradhapura Market,Sacred City Agro,Anuradhapura,7.8,B
Mango,Freeze-Dried Fruit,Badulla Market,Hill Country Fresh,Badulla,9.9,C
Woodapple,Nectar,Kandy Central Market,Highland Fruit Mart,Kandy,8.8,C
Pear,Freeze-Dried Fruit,Kurunegala Market,Kurunegala Fruit Hub,Kurunegala,8.2,A
Peach,Frozen Dessert,Matara Market,Matara Fruit Bazaar,Matara,9.4,A
Guava,Marmalade,Trincomalee Market,Eastern Fresh Produce,Trincomalee,8.7,A
Avocado,Canned Fruit,Kurunegala Market,Kurunegala Fruit Hub,Kurunegala,9.8,B
Durian,Juice,Badulla Market,Hill Country Fresh,Badulla,9.2,B
Grapes,Fruit Candy,Kurunegala Market,Kurunegala Fruit Hub,Kurunegala,7.7,B
Jackfruit,Pickles,Anuradhapura Market,Sacred City Agro,Anuradhapura,8.3,B
Beli,Pickles,Puttalam Market,Northwest Fruits,Puttalam,8.2,C
Strawberry,Fruit Butter,Batticaloa Market,Batticaloa Fruit Traders,Batticaloa,9.1,B
Cherry,Fruit Candy,Matara Market,Matara Fruit Bazaar,Matara,9.7,B
Watermelon,Fruit Topping,Batticaloa Market,Batticaloa Fruit Traders,Batticaloa,7.5,B
Rambutan,Fruit Snacks,Kurunegala Market,Kurunegala Fruit Hub,Kurunegala,7.9,C
Coconut,Smoothie Mix,Badulla Market,Hill Country Fresh,Badulla,9.5,C
Pomegranate,Fruit Chips,Galle Fruit Market,Southern Agro Supplies,Galle,9.4,B
Blueberry,Freeze-Dried Fruit,Negombo Fish Market,Negombo Fresh Supplies,Negombo,8.2,B
Rambutan,Fruit Pizza,Anuradhapura Market,Sacred City Agro,Anuradhapura,7.9,B
Grapes,Jelly,Matara Market,Matara Fruit Bazaar,Matara,9.3,A
Strawberry,Flavored Yogurt,Ratnapura Market,Gemland Fruits,Ratnapura,8.3,B
Mangosteen,Fruit Extract,Ratnapura Market,Gemland Fruits,Ratnapura,7.7,C
Lemon,Syrup,Anuradhapura Market,Sacred City Agro,Anuradhapura,8.8,A
Coconut,Canned Fruit,Batticaloa Market,Batticaloa Fruit Traders,Batticaloa,10.0,C
Orange,Preserves,Anuradhapura Market,Sacred City Agro,Anuradhapura,9.0,C
Custard Apple,Smoothie Mix,Puttalam Market,Northwest Fruits,Puttalam,9.8,C
Grapes,Fruit Salad Mix,Galle Fruit Market,Southern Agro Supplies,Galle,9.8,B
Woodapple,Fruit Concentrate,Matara Market,Matara Fruit Bazaar,Matara,9.9,A
Pomegranate,Fruit Snacks,Kandy Central Market,Highland Fruit Mart,Kandy,9.7,C
Cherry,Fruit Salsa,Matara Market,Matara Fruit Bazaar,Matara,8.9,B
Pomegranate,Fruit-Based Dietary Supplements,Negombo Fish Market,Negombo Fresh Supplies,Negombo,9.6,A
Papaya,Canned Fruit,Colombo Pettah Market,Fruit Lanka Traders,Colombo,9.0,B
Jackfruit,Sauce,Colombo Pettah Market,Fruit Lanka Traders,Colombo,9.3,B
Coconut,Fermented Drink,Batticaloa Market,Batticaloa Fruit Traders,Batticaloa,7.6,C
Rambutan,Fruit-Infused Water,Matara Market,Matara Fruit Bazaar,Matara,9.0,C
Apple,Freeze-Dried Fruit,Puttalam Market,Northwest Fruits,Puttalam,8.4,B
Mango,Fruit Snacks,Trincomalee Market,Eastern Fresh Produce,Trincomalee,8.2,B
Pomegranate,Sauce,Kandy Central Market,Highland Fruit Mart,Kandy,9.4,C
Woodapple,Essential Oil,Galle Fruit Market,Southern Agro Supplies,Galle,9.0,A
Strawberry,Fruit Concentrate,Puttalam Market,Northwest Fruits,Puttalam,9.1,B
Plum,Essential Oil,Kandy Central Market,Highland Fruit Mart,Kandy,8.3,A
Apple,Fruit Salad Mix,Anuradhapura Market,Sacred City Agro,Anuradhapura,9.0,A
Pear,Fermented Drink,Colombo Pettah Market,Fruit Lanka Traders,Colombo,8.3,A
Pomegranate,Juice,Kurunegala Market,Kurunegala Fruit Hub,Kurunegala,9.6,C
Woodapple,Frozen Dessert,Kandy Central Market,Highland Fruit Mart,Kandy,7.6,C
Lemon,Fruit-Based Dietary Supplements,Kandy Central Market,Highland Fruit Mart,Kandy,9.1,C
Kiwi,Chutney,Matara Market,Matara Fruit Bazaar,Matara,9.8,A
Orange,Fruit Salad Mix,Matara Market,Matara Fruit Bazaar,Matara,9.9,B
Lemon,Fruit Salad Mix,Batticaloa Market,Batticaloa Fruit Traders,Batticaloa,7.8,C
Banana,Jelly,Jaffna Market,Northern Fresh Fruits,Jaffna,7.9,C
Grapes,Fruit Puree,Kandy Central Market,Highland Fruit Mart,Kandy,7.7,B
Peach,Fruit Bars,Galle Fruit Market,Southern Agro Supplies,Galle,8.4,B
Cherry,Fruit-Flavored Tea,Negombo Fish Market,Negombo Fresh Supplies,Negombo,8.3,A
Rambutan,Fruit Topping,Ratnapura Market,Gemland Fruits,Ratnapura,8.1,B
Banana,Fruit-Based Dietary Supplements,Badulla Market,Hill Country Fresh,Badulla,9.1,A
Pineapple,Syrup,Negombo Fish Market,Negombo Fresh Supplies,Negombo,8.4,A
Pear,Fruit-Flavored Tea,Negombo Fish Market,Negombo Fresh Supplies,Negombo,9.3,A
Lemon,Canned Fruit Cocktail,Anuradhapura Market,Sacred City Agro,Anuradhapura,9.7,C
Lemon,Sauce,Negombo Fish Market,Negombo Fresh Supplies,Negombo,10.0,A
Orange,Nectar,Jaffna Market,Northern Fresh Fruits,Jaffna,8.1,C
Beli,Fruit Chips,Badulla Market,Hill Country Fresh,Badulla,9.8,C
Lemon,Fruit Topping,Matara Market,Matara Fruit Bazaar,Matara,9.2,B
Watermelon,Fruit Chips,Kurunegala Market,Kurunegala Fruit Hub,Kurunegala,9.8,C
Kiwi,Smoothie Mix,Anuradhapura Market,Sacred City Agro,Anuradhapura,8.6,A
Soursop,Canned Fruit Cocktail,Galle Fruit Market,Southern Agro Supplies,Galle,9.6,A
Guava,Fruit-Flavored Tea,Ratnapura Market,Gemland Fruits,Ratnapura,9.2,C
Coconut,Marmalade,Badulla Market,Hill Country Fresh,Badulla,8.4,A
Apple,Dried Fruit,Anuradhapura Market,Sacred City Agro,Anuradhapura,7.5,B
Watermelon,Fruit-Filled Pastries,Badulla Market,Hill Country Fresh,Badulla,9.7,C
Orange,Pickles,Puttalam Market,Northwest Fruits,Puttalam,9.1,B
Mango,Sauce,Badulla Market,Hill Country Fresh,Badulla,9.2,A
Orange,Fruit Butter,Matara Market,Matara Fruit Bazaar,Matara,9.0,B
Pomegranate,Sauce,Colombo Pettah Market,Fruit Lanka Traders,Colombo,9.6,A
Grapes,Compote,Negombo Fish Market,Negombo Fresh Supplies,Negombo,8.7,C
Mango,Vinegar,Ratnapura Market,Gemland Fruits,Ratnapura,8.3,A
Blueberry,Pickles,Colombo Pettah Market,Fruit Lanka Traders,Colombo,9.6,C
Papaya,Fermented Drink,Ratnapura Market,Gemland Fruits,Ratnapura,9.3,A
Kiwi,Fruit Salad Mix,Galle Fruit Market,Southern Agro Supplies,Galle,9.0,C
Guava,Powdered Fruit,Ratnapura Market,Gemland Fruits,Ratnapura,9.3,A
Banana,Fermented Drink,Galle Fruit Market,Southern Agro Supplies,Galle,9.5,A
Rambutan,Juice,Negombo Fish Market,Negombo Fresh Supplies,Negombo,9.9,A
Pomegranate,Canned Fruit Cocktail,Badulla Market,Hill Country Fresh,Badulla,7.9,B
Cherry,Preserves,Anuradhapura Market,Sacred City Agro,Anuradhapura,8.9,C
Blueberry,Fruit Candy,Puttalam Market,Northwest Fruits,Puttalam,9.4,C
Guava,Fermented Drink,Kurunegala Market,Kurunegala Fruit Hub,Kurunegala,9.4,C
Grapes,Fruit-Based Dietary Supplements,Puttalam Market,Northwest Fruits,Puttalam,9.9,A
Orange,Fruit Puree,Kurunegala Market,Kurunegala Fruit Hub,Kurunegala,10.0,A
Pineapple,Fermented Drink,Trincomalee Market,Eastern Fresh Produce,Trincomalee,8.3,B
Blueberry,Jam,Anuradhapura Market,Sacred City Agro,Anuradhapura,9.3,B
Grapes,Fruit Candy,Puttalam Market,Northwest Fruits,Puttalam,9.4,C
Avocado,Juice,Galle Fruit Market,Southern Agro Supplies,Galle,8.1,A
Apple,Fruit Snacks,Kurunegala Market,Kurunegala Fruit Hub,Kurunegala,9.7,B
Lychee,Syrup,Badulla Market,Hill Country Fresh,Badulla,9.2,C
Pomegranate,Pulp,Kurunegala Market,Kurunegala Fruit Hub,Kurunegala,8.9,B
Ambarella,Fruit Butter,Negombo Fish Market,Negombo Fresh Supplies,Negombo,8.5,A
Woodapple,Sauce,Jaffna Market,Northern Fresh Fruits,Jaffna,8.3,B
Beli,Fruit Pizza,Galle Fruit Market,Southern Agro Supplies,Galle,9.3,C
Strawberry,Jelly,Colombo Pettah Market,Fruit Lanka Traders,Colombo,9.4,C
Jackfruit,Fruit-Infused Water,Ratnapura Market,Gemland Fruits,Ratnapura,9.9,C
Soursop,Fruit-Filled Pastries,Puttalam Market,Northwest Fruits,Puttalam,7.7,B
Custard Apple,Sauce,Kandy Central Market,Highland Fruit Mart,Kandy,8.1,B
Plum,Fruit Salsa,Kurunegala Market,Kurunegala Fruit Hub,Kurunegala,9.7,A
Grapes,Pulp,Jaffna Market,Northern Fresh Fruits,Jaffna,8.0,C
Custard Apple,Wine,Jaffna Market,Northern Fresh Fruits,Jaffna,7.9,A
Plum,Fruit Chips,Anuradhapura Market,Sacred City Agro,Anuradhapura,8.7,C
Woodapple,Jelly,Trincomalee Market,Eastern Fresh Produce,Trincomalee,9.9,B
Pear,Fruit Chips,Jaffna Market,Northern Fresh Fruits,Jaffna,9.9,B
Strawberry,Smoothie Mix,Badulla Market,Hill Country Fresh,Badulla,9.1,A
Pear,Fruit-Flavored Tea,Ratnapura Market,Gemland Fruits,Ratnapura,10.0,B
Mango,Wine,Galle Fruit Market,Southern Agro Supplies,Galle,7.8,A
Woodapple,Preserves,Badulla Market,Hill Country Fresh,Badulla,8.2,A
Papaya,Fruit Bars,Anuradhapura Market,Sacred City Agro,Anuradhapura,9.8,C
Custard Apple,Fruit Snacks,Puttalam Market,Northwest Fruits,Puttalam,8.2,A
Blueberry,Fruit-Based Dietary Supplements,Kurunegala Market,Kurunegala Fruit Hub,Kurunegala,9.3,A
Ambarella,Fruit Chips,Matara Market,Matara Fruit Bazaar,Matara,7.6,B
Banana,Fruit Pizza,Jaffna Market,Northern Fresh Fruits,Jaffna,8.4,C
Coconut,Fruit Topping,Jaffna Market,Northern Fresh Fruits,Jaffna,8.3,A
Woodapple,Fruit Puree,Kandy Central Market,Highland Fruit Mart,Kandy,10.0,A
Coconut,Fruit Candy,Negombo Fish Market,Negombo Fresh Supplies,Negombo,7.5,C
Banana,Canned Fruit,Colombo Pettah Market,Fruit Lanka Traders,Colombo,9.8,B
Strawberry,Fruit Butter,Anuradhapura Market,Sacred City Agro,Anuradhapura,9.3,A
Woodapple,Essential Oil,Trincomalee Market,Eastern Fresh Produce,Trincomalee,9.0,A
Banana,Fruit Snacks,Galle Fruit Market,Southern Agro Supplies,Galle,8.3,B
Banana,Fruit Chips,Galle Fruit Market,Southern Agro Supplies,Galle,8.6,A
Beli,Jelly,Colombo Pettah Market,Fruit Lanka Traders,Colombo,7.8,A
Papaya,Pickles,Puttalam Market,Northwest Fruits,Puttalam,8.7,C
Custard Apple,Fruit Salsa,Matara Market,Matara Fruit Bazaar,Matara,9.0,B
Avocado,Canned Fruit,Trincomalee Market,Eastern Fresh Produce,Trincomalee,8.1,C
Jackfruit,Fruit Vinegar,Colombo Pettah Market,Fruit Lanka Traders,Colombo,8.4,A
Grapes,Fruit Concentrate,Galle Fruit Market,Southern Agro Supplies,Galle,9.7,C
Ambarella,Flavored Yogurt,Galle Fruit Market,Southern Agro Supplies,Galle,9.2,B
Ambarella,Jam,Kurunegala Market,Kurunegala Fruit Hub,Kurunegala,9.6,C
Ambarella,Flavored Yogurt,Negombo Fish Market,Negombo Fresh Supplies,Negombo,8.8,C
Peach,Nectar,Galle Fruit Market,Southern Agro Supplies,Galle,8.4,A
Kiwi,Fruit-Infused Water,Matara Market,Matara Fruit Bazaar,Matara,7.8,B
Lemon,Fruit-Filled Pastries,Negombo Fish Market,Negombo Fresh Supplies,Negombo,9.5,B
Avocado,Fruit-Filled Pastries,Matara Market,Matara Fruit Bazaar,Matara,8.6,A
Guava,Canned Fruit Cocktail,Colombo Pettah Market,Fruit Lanka Traders,Colombo,7.7,C
Pear,Pickles,Negombo Fish Market,Negombo Fresh Supplies,Negombo,8.1,C
Kiwi,Wine,Galle Fruit Market,Southern Agro Supplies,Galle,8.6,C
Soursop,Jam,Batticaloa Market,Batticaloa Fruit Traders,Batticaloa,8.0,A
Jackfruit,Sauce,Batticaloa Market,Batticaloa Fruit Traders,Batticaloa,9.5,C
Grapes,Vinegar,Jaffna Market,Northern Fresh Fruits,Jaffna,7.9,A
Guava,Fruit Puree,Anuradhapura Market,Sacred City Agro,Anuradhapura,8.8,B
Lemon,Fruit Topping,Kandy Central Market,Highland Fruit Mart,Kandy,7.5,A
Mango,Juice,Batticaloa Market,Batticaloa Fruit Traders,Batticaloa,8.9,B
Woodapple,Canned Fruit,Jaffna Market,Northern Fresh Fruits,Jaffna,7.7,B
Custard Apple,Essential Oil,Trincomalee Market,Eastern Fresh Produce,Trincomalee,7.9,A
Lemon,Fruit-Filled Pastries,Matara Market,Matara Fruit Bazaar,Matara,8.2,B
Lychee,Pulp,Trincomalee Market,Eastern Fresh Produce,Trincomalee,8.4,A
Papaya,Fruit Candy,Batticaloa Market,Batticaloa Fruit Traders,Batticaloa,7.9,A
Cherry,Fruit Chips,Ratnapura Market,Gemland Fruits,Ratnapura,8.0,A
Avocado,Essential Oil,Kandy Central Market,Highland Fruit Mart,Kandy,9.7,B
Blueberry,Powdered Fruit,Badulla Market,Hill Country Fresh,Badulla,8.6,A
Ambarella,Compote,Matara Market,Matara Fruit Bazaar,Matara,8.8,C
Rambutan,Nectar,Kandy Central Market,Highland Fruit Mart,Kandy,9.9,C
Papaya,Preserves,Badulla Market,Hill Country Fresh,Badulla,8.1,C
Watermelon,Canned Fruit Cocktail,Puttalam Market,Northwest Fruits,Puttalam,8.6,B
Plum,Marmalade,Badulla Market,Hill Country Fresh,Badulla,9.4,A
Orange,Fruit Topping,Puttalam Market,Northwest Fruits,Puttalam,8.0,A
Watermelon,Fruit Leather,Negombo Fish Market,Negombo Fresh Supplies,Negombo,9.9,C
Papaya,Preserves,Batticaloa Market,Batticaloa Fruit Traders,Batticaloa,8.7,A
Cherry,Smoothie Mix,Anuradhapura Market,Sacred City Agro,Anuradhapura,8.5,A
Coconut,Fruit Concentrate,Matara Market,Matara Fruit Bazaar,Matara,9.7,A
Banana,Juice,Badulla Market,Hill Country Fresh,Badulla,7.6,C
Avocado,Compote,Jaffna Market,Northern Fresh Fruits,Jaffna,8.6,A
Cherry,Juice,Kurunegala Market,Kurunegala Fruit Hub,Kurunegala,9.7,B
Coconut,Jam,Kurunegala Market,Kurunegala Fruit Hub,Kurunegala,9.6,C
Coconut,Fermented Drink,Trincomalee Market,Eastern Fresh Produce,Trincomalee,7.6,B
Beli,Smoothie Mix,Colombo Pettah Market,Fruit Lanka Traders,Colombo,8.3,B
Grapes,Powdered Fruit,Ratnapura Market,Gemland Fruits,Ratnapura,8.9,C
Kiwi,Frozen Dessert,Trincomalee Market,Eastern Fresh Produce,Trincomalee,8.7,C
Pomegranate,Fruit Bars,Kandy Central Market,Highland Fruit Mart,Kandy,9.4,B
Grapes,Compote,Kandy Central Market,Highland Fruit Mart,Kandy,7.9,B
Coconut,Jelly,Matara Market,Matara Fruit Bazaar,Matara,8.5,A
Banana,Fruit Extract,Anuradhapura Market,Sacred City Agro,Anuradhapura,9.7,C
Mango,Essential Oil,Galle Fruit Market,Southern Agro Supplies,Galle,7.7,B
Banana,Freeze-Dried Fruit,Kandy Central Market,Highland Fruit Mart,Kandy,9.7,C
Pomegranate,Jelly,Galle Fruit Market,Southern Agro Supplies,Galle,10.0,B
Guava,Preserves,Badulla Market,Hill Country Fresh,Badulla,8.2,A
Guava,Flavored Yogurt,Trincomalee Market,Eastern Fresh Produce,Trincomalee,7.9,A
Watermelon,Syrup,Galle Fruit Market,Southern Agro Supplies,Galle,9.4,C
Coconut,Canned Fruit Cocktail,Jaffna Market,Northern Fresh Fruits,Jaffna,9.9,C
Plum,Fruit Pizza,Ratnapura Market,Gemland Fruits,Ratnapura,7.7,B
Papaya,Fermented Drink,Jaffna Market,Northern Fresh Fruits,Jaffna,7.7,A
Rambutan,Fruit Salad Mix,Trincomalee Market,Eastern Fresh Produce,Trincomalee,9.8,B
Mango,Jam,Colombo Pettah Market,Fruit Lanka Traders,Colombo,8.5,B
Durian,Fruit Vinegar,Badulla Market,Hill Country Fresh,Badulla,8.1,C
Papaya,Canned Fruit,Ratnapura Market,Gemland Fruits,Ratnapura,8.2,B
Apple,Canned Fruit,Ratnapura Market,Gemland Fruits,Ratnapura,9.6,C
Papaya,Compote,Anuradhapura Market,Sacred City Agro,Anuradhapura,8.0,A
Lemon,Canned Fruit Cocktail,Ratnapura Market,Gemland Fruits,Ratnapura,9.4,B
Strawberry,Nectar,Anuradhapura Market,Sacred City Agro,Anuradhapura,8.5,C
Grapes,Chutney,Badulla Market,Hill Country Fresh,Badulla,8.1,C
Ambarella,Nectar,Badulla Market,Hill Country Fresh,Badulla,8.6,A
Woodapple,Jam,Colombo Pettah Market,Fruit Lanka Traders,Colombo,8.9,A
Cherry,Fruit Pizza,Ratnapura Market,Gemland Fruits,Ratnapura,9.7,A
Avocado,Fermented Drink,Kandy Central Market,Highland Fruit Mart,Kandy,8.7,A
Durian,Freeze-Dried Fruit,Kurunegala Market,Kurunegala Fruit Hub,Kurunegala,8.3,A
Avocado,Fruit Concentrate,Ratnapura Market,Gemland Fruits,Ratnapura,9.2,A
Pear,Canned Fruit Cocktail,Galle Fruit Market,Southern Agro Supplies,Galle,8.0,A
Pomegranate,Vinegar,Colombo Pettah Market,Fruit Lanka Traders,Colombo,9.8,A
Rambutan,Fruit Topping,Kandy Central Market,Highland Fruit Mart,Kandy,8.9,C
Grapes,Pulp,Colombo Pettah Market,Fruit Lanka Traders,Colombo,8.2,C
Papaya,Fruit-Flavored Tea,Matara Market,Matara Fruit Bazaar,Matara,8.1,B
Custard Apple,Essential Oil,Ratnapura Market,Gemland Fruits,Ratnapura,7.6,B
Papaya,Chutney,Matara Market,Matara Fruit Bazaar,Matara,7.8,A
Mangosteen,Wine,Trincomalee Market,Eastern Fresh Produce,Trincomalee,8.1,B
Soursop,Fruit Concentrate,Trincomalee Market,Eastern Fresh Produce,Trincomalee,8.9,C
Custard Apple,Pickles,Negombo Fish Market,Negombo Fresh Supplies,Negombo,9.8,B
Durian,Jelly,Puttalam Market,Northwest Fruits,Puttalam,8.3,B
Woodapple,Fruit Concentrate,Matara Market,Matara Fruit Bazaar,Matara,9.0,A
Ambarella,Pickles,Kandy Central Market,Highland Fruit Mart,Kandy,9.0,A
Lemon,Fermented Drink,Trincomalee Market,Eastern Fresh Produce,Trincomalee,8.2,B
Watermelon,Dried Fruit,Anuradhapura Market,Sacred City Agro,Anuradhapura,8.8,A
Durian,Fruit Extract,Negombo Fish Market,Negombo Fresh Supplies,Negombo,9.3,B
Jackfruit,Fruit Puree,Matara Market,Matara Fruit Bazaar,Matara,8.3,C
Blueberry,Fruit-Infused Water,Galle Fruit Market,Southern Agro Supplies,Galle,9.2,B
Custard Apple,Canned Fruit Cocktail,Ratnapura Market,Gemland Fruits,Ratnapura,7.5,B
Avocado,Fruit Salsa,Batticaloa Market,Batticaloa Fruit Traders,Batticaloa,9.4,C
Peach,Pickles,Colombo Pettah Market,Fruit Lanka Traders,Colombo,8.2,A
Strawberry,Smoothie Mix,Trincomalee Market,Eastern Fresh Produce,Trincomalee,9.6,C
Lemon,Sauce,Kandy Central Market,Highland Fruit Mart,Kandy,8.7,A
Pear,Fruit Candy,Matara Market,Matara Fruit Bazaar,Matara,9.0,C
Pear,Sauce,Trincomalee Market,Eastern Fresh Produce,Trincomalee,9.3,A
Woodapple,Jam,Colombo Pettah Market,Fruit Lanka Traders,Colombo,9.4,C
Pear,Syrup,Kurunegala Market,Kurunegala Fruit Hub,Kurunegala,10.0,A
Ambarella,Freeze-Dried Fruit,Kandy Central Market,Highland Fruit Mart,Kandy,9.5,A
Watermelon,Canned Fruit,Negombo Fish Market,Negombo Fresh Supplies,Negombo,9.5,C
Jackfruit,Fruit Bars,Jaffna Market,Northern Fresh Fruits,Jaffna,7.9,A
Woodapple,Smoothie Mix,Kandy Central Market,Highland Fruit Mart,Kandy,9.5,A
Ambarella,Fruit Topping,Ratnapura Market,Gemland Fruits,Ratnapura,9.9,A
Orange,Fruit Vinegar,Batticaloa Market,Batticaloa Fruit Traders,Batticaloa,8.3,B
Beli,Nectar,Matara Market,Matara Fruit Bazaar,Matara,8.4,C
Ambarella,Fruit Leather,Anuradhapura Market,Sacred City Agro,Anuradhapura,7.8,A
Kiwi,Vinegar,Colombo Pettah Market,Fruit Lanka Traders,Colombo,7.7,C
Custard Apple,Sauce,Kurunegala Market,Kurunegala Fruit Hub,Kurunegala,8.1,B
Woodapple,Juice,Colombo Pettah Market,Fruit Lanka Traders,Colombo,8.6,A
Guava,Vinegar,Anuradhapura Market,Sacred City Agro,Anuradhapura,8.0,C
Lemon,Marmalade,Kurunegala Market,Kurunegala Fruit Hub,Kurunegala,9.3,B
Coconut,Canned Fruit Cocktail,Matara Market,Matara Fruit Bazaar,Matara,8.6,B
Jackfruit,Fruit-Infused Water,Anuradhapura Market,Sacred City Agro,Anuradhapura,9.4,B
Blueberry,Fermented Drink,Kandy Central Market,Highland Fruit Mart,Kandy,9.1,A
Mango,Jelly,Trincomalee Market,Eastern Fresh Produce,Trincomalee,9.1,A
Orange,Fruit Snacks,Badulla Market,Hill Country Fresh,Badulla,8.5,A
Apple,Fruit-Infused Water,Matara Market,Matara Fruit Bazaar,Matara,10.0,C
Pomegranate,Wine,Ratnapura Market,Gemland Fruits,Ratnapura,9.8,B
Guava,Powdered Fruit,Batticaloa Market,Batticaloa Fruit Traders,Batticaloa,7.5,B
Pear,Marmalade,Matara Market,Matara Fruit Bazaar,Matara,8.4,A
Peach,Fruit Topping,Matara Market,Matara Fruit Bazaar,Matara,7.8,C
Pineapple,Syrup,Galle Fruit Market,Southern Agro Supplies,Galle,9.7,C
Pineapple,Nectar,Colombo Pettah Market,Fruit Lanka Traders,Colombo,8.0,C
Peach,Fruit Puree,Ratnapura Market,Gemland Fruits,Ratnapura,9.7,A
Strawberry,Flavored Yogurt,Badulla Market,Hill Country Fresh,Badulla,9.5,B
Pomegranate,Fruit-Based Dietary Supplements,Jaffna Market,Northern Fresh Fruits,Jaffna,9.3,A
Ambarella,Juice,Puttalam Market,Northwest Fruits,Puttalam,7.8,B
Durian,Chutney,Galle Fruit Market,Southern Agro Supplies,Galle,9.9,A
Coconut,Pulp,Anuradhapura Market,Sacred City Agro,Anuradhapura,8.1,B
Plum,Marmalade,Galle Fruit Market,Southern Agro Supplies,Galle,8.4,B
Kiwi,Juice,Anuradhapura Market,Sacred City Agro,Anuradhapura,8.6,A
Rambutan,Powdered Fruit,Trincomalee Market,Eastern Fresh Produce,Trincomalee,9.9,C
Guava,Fruit Extract,Puttalam Market,Northwest Fruits,Puttalam,8.3,C
Watermelon,Fruit-Flavored Tea,Matara Market,Matara Fruit Bazaar,Matara,9.4,B
Pomegranate,Fruit Topping,Jaffna Market,Northern Fresh Fruits,Jaffna,8.4,C
Custard Apple,Vinegar,Anuradhapura Market,Sacred City Agro,Anuradhapura,9.0,A
Plum,Fruit Topping,Batticaloa Market,Batticaloa Fruit Traders,Batticaloa,8.6,B
Custard Apple,Fruit Chips,Badulla Market,Hill Country Fresh,Badulla,8.8,A
Mangosteen,Fruit Salsa,Batticaloa Market,Batticaloa Fruit Traders,Batticaloa,9.0,C
Soursop,Fermented Drink,Jaffna Market,Northern Fresh Fruits,Jaffna,7.7,A
Mangosteen,Jelly,Anuradhapura Market,Sacred City Agro,Anuradhapura,9.5,C
Durian,Fruit Salsa,Badulla Market,Hill Country Fresh,Badulla,9.6,A
Blueberry,Nectar,Kurunegala Market,Kurunegala Fruit Hub,Kurunegala,9.2,A
Watermelon,Frozen Dessert,Negombo Fish Market,Negombo Fresh Supplies,Negombo,9.3,C
Ambarella,Freeze-Dried Fruit,Badulla Market,Hill Country Fresh,Badulla,9.6,A
Plum,Marmalade,Badulla Market,Hill Country Fresh,Badulla,9.3,A
Pear,Fruit-Based Dietary Supplements,Kandy Central Market,Highland Fruit Mart,Kandy,9.7,C
Guava,Fruit Puree,Ratnapura Market,Gemland Fruits,Ratnapura,9.9,B
Lemon,Frozen Dessert,Jaffna Market,Northern Fresh Fruits,Jaffna,9.8,B
Avocado,Fruit-Infused Water,Negombo Fish Market,Negombo Fresh Supplies,Negombo,8.7,B
Pineapple,Fruit Leather,Matara Market,Matara Fruit Bazaar,Matara,8.6,C
Beli,Freeze-Dried Fruit,Badulla Market,Hill Country Fresh,Badulla,9.2,B
Watermelon,Frozen Dessert,Kandy Central Market,Highland Fruit Mart,Kandy,7.7,A
Kiwi,Fruit Chips,Galle Fruit Market,Southern Agro Supplies,Galle,7.8,A
Mangosteen,Fruit Pizza,Colombo Pettah Market,Fruit Lanka Traders,Colombo,8.3,A
Pear,Vinegar,Trincomalee Market,Eastern Fresh Produce,Trincomalee,8.6,A
Durian,Fruit Butter,Ratnapura Market,Gemland Fruits,Ratnapura,9.7,A
Pineapple,Wine,Kandy Central Market,Highland Fruit Mart,Kandy,7.7,A
Rambutan,Fruit Candy,Batticaloa Market,Batticaloa Fruit Traders,Batticaloa,8.2,B
Ambarella,Fruit Chips,Badulla Market,Hill Country Fresh,Badulla,7.5,A
Peach,Fruit Candy,Puttalam Market,Northwest Fruits,Puttalam,8.8,A
Kiwi,Pickles,Puttalam Market,Northwest Fruits,Puttalam,8.2,C
Peach,Jam,Badulla Market,Hill Country Fresh,Badulla,8.9,B
Papaya,Juice,Galle Fruit Market,Southern Agro Supplies,Galle,9.8,B
Mango,Pulp,Negombo Fish Market,Negombo Fresh Supplies,Negombo,9.3,B
Custard Apple,Smoothie Mix,Colombo Pettah Market,Fruit Lanka Traders,Colombo,9.7,A
Custard Apple,Fruit Bars,Ratnapura Market,Gemland Fruits,Ratnapura,7.9,A
Avocado,Dried Fruit,Kurunegala Market,Kurunegala Fruit Hub,Kurunegala,9.7,C
Mangosteen,Fruit Salsa,Kurunegala Market,Kurunegala Fruit Hub,Kurunegala,7.9,A
Banana,Fruit Candy,Puttalam Market,Northwest Fruits,Puttalam,8.7,A
Peach,Chutney,Anuradhapura Market,Sacred City Agro,Anuradhapura,9.2,A
Beli,Smoothie Mix,Kurunegala Market,Kurunegala Fruit Hub,Kurunegala,7.7,C
Rambutan,Fruit Bars,Negombo Fish Market,Negombo Fresh Supplies,Negombo,7.7,B
Jackfruit,Fruit Snacks,Trincomalee Market,Eastern Fresh Produce,Trincomalee,8.0,C
Watermelon,Nectar,Kandy Central Market,Highland Fruit Mart,Kandy,8.1,B
Strawberry,Fruit Pizza,Puttalam Market,Northwest Fruits,Puttalam,7.6,C
Custard Apple,Flavored Yogurt,Negombo Fish Market,Negombo Fresh Supplies,Negombo,8.9,B
Woodapple,Marmalade,Kandy Central Market,Highland Fruit Mart,Kandy,9.9,C
Coconut,Flavored Yogurt,Galle Fruit Market,Southern Agro Supplies,Galle,8.2,B
Grapes,Fruit-Filled Pastries,Anuradhapura Market,Sacred City Agro,Anuradhapura,7.7,B
Lemon,Syrup,Batticaloa Market,Batticaloa Fruit Traders,Batticaloa,9.2,A
Apple,Fruit Puree,Ratnapura Market,Gemland Fruits,Ratnapura,8.2,B
Jackfruit,Fruit Pizza,Matara Market,Matara Fruit Bazaar,Matara,7.9,B
Watermelon,Fermented Drink,Puttalam Market,Northwest Fruits,Puttalam,8.9,A
Ambarella,Nectar,Ratnapura Market,Gemland Fruits,Ratnapura,8.0,C
Peach,Jam,Negombo Fish Market,Negombo Fresh Supplies,Negombo,9.1,C
Papaya,Syrup,Badulla Market,Hill Country Fresh,Badulla,8.1,A
Avocado,Canned Fruit,Jaffna Market,Northern Fresh Fruits,Jaffna,8.4,C
Jackfruit,Nectar,Kurunegala Market,Kurunegala Fruit Hub,Kurunegala,8.0,C
Peach,Juice,Colombo Pettah Market,Fruit Lanka Traders,Colombo,7.6,A
Plum,Chutney,Jaffna Market,Northern Fresh Fruits,Jaffna,8.8,A
Lemon,Nectar,Colombo Pettah Market,Fruit Lanka Traders,Colombo,8.5,A
Jackfruit,Essential Oil,Kandy Central Market,Highland Fruit Mart,Kandy,9.4,B
Jackfruit,Fruit-Flavored Tea,Badulla Market,Hill Country Fresh,Badulla,9.4,B
Custard Apple,Freeze-Dried Fruit,Batticaloa Market,Batticaloa Fruit Traders,Batticaloa,8.7,B
Ambarella,Fruit Pizza,Galle Fruit Market,Southern Agro Supplies,Galle,7.8,A
Coconut,Fruit Extract,Anuradhapura Market,Sacred City Agro,Anuradhapura,8.0,C
Strawberry,Vinegar,Colombo Pettah Market,Fruit Lanka Traders,Colombo,9.3,B
Jackfruit,Fruit-Filled Pastries,Jaffna Market,Northern Fresh Fruits,Jaffna,8.8,B
Pear,Essential Oil,Puttalam Market,Northwest Fruits,Puttalam,7.8,B
Papaya,Fruit Butter,Negombo Fish Market,Negombo Fresh Supplies,Negombo,9.2,C
Coconut,Freeze-Dried Fruit,Colombo Pettah Market,Fruit Lanka Traders,Colombo,9.6,C
Ambarella,Jam,Colombo Pettah Market,Fruit Lanka Traders,Colombo,7.8,B
Banana,Sauce,Kandy Central Market,Highland Fruit Mart,Kandy,8.6,A
Custard Apple,Fruit-Flavored Tea,Jaffna Market,Northern Fresh Fruits,Jaffna,7.5,A
Orange,Fruit Extract,Kurunegala Market,Kurunegala Fruit Hub,Kurunegala,8.3,A
Durian,Fruit Snacks,Anuradhapura Market,Sacred City Agro,Anuradhapura,7.9,B
Kiwi,Fruit Pizza,Negombo Fish Market,Negombo Fresh Supplies,Negombo,9.3,C
Pomegranate,Pulp,Kurunegala Market,Kurunegala Fruit Hub,Kurunegala,8.6,B
Woodapple,Fruit Pizza,Puttalam Market,Northwest Fruits,Puttalam,9.3,B
Woodapple,Frozen Dessert,Kandy Central Market,Highland Fruit Mart,Kandy,8.2,A
Plum,Fruit Salad Mix,Kandy Central Market,Highland Fruit Mart,Kandy,9.1,C
Papaya,Vinegar,Jaffna Market,Northern Fresh Fruits,Jaffna,9.9,B
Soursop,Canned Fruit Cocktail,Kandy Central Market,Highland Fruit Mart,Kandy,7.8,A
Kiwi,Flavored Yogurt,Kurunegala Market,Kurunegala Fruit Hub,Kurunegala,7.5,A
Guava,Frozen Dessert,Badulla Market,Hill Country Fresh,Badulla,8.0,C
Strawberry,Fruit Salad Mix,Puttalam Market,Northwest Fruits,Puttalam,9.6,A
Custard Apple,Frozen Dessert,Ratnapura Market,Gemland Fruits,Ratnapura,8.0,C
Plum,Fruit Butter,Puttalam Market,Northwest Fruits,Puttalam,8.7,C
Lemon,Fruit Pizza,Matara Market,Matara Fruit Bazaar,Matara,8.7,C
Banana,Vinegar,Kandy Central Market,Highland Fruit Mart,Kandy,8.4,A
Papaya,Fruit Snacks,Puttalam Market,Northwest Fruits,Puttalam,8.4,C
Mango,Fruit Candy,Anuradhapura Market,Sacred City Agro,Anuradhapura,8.5,C
Plum,Jelly,Puttalam Market,Northwest Fruits,Puttalam,8.0,A
Lychee,Fruit Concentrate,Batticaloa Market,Batticaloa Fruit Traders,Batticaloa,9.2,A
Pomegranate,Jelly,Trincomalee Market,Eastern Fresh Produce,Trincomalee,9.0,C
Guava,Fruit Salad Mix,Badulla Market,Hill Country Fresh,Badulla,7.7,A
Cherry,Fruit Topping,Puttalam Market,Northwest Fruits,Puttalam,7.5,C
Guava,Fruit Extract,Ratnapura Market,Gemland Fruits,Ratnapura,8.1,C
Blueberry,Compote,Jaffna Market,Northern Fresh Fruits,Jaffna,8.9,C
Woodapple,Fruit-Flavored Tea,Galle Fruit Market,Southern Agro Supplies,Galle,8.2,B
Orange,Vinegar,Kurunegala Market,Kurunegala Fruit Hub,Kurunegala,7.8,A
